,Obraz,MAR,Obecne_ziewniecie,Roll,Pitch,EAR,Obecna_sennosc
0,0018_jpg.rf.048fbf7625e40e238666601c5b27c107.jpg,0.20054095691564797,False,2.0439020820755047,-2.0050507519483887,0.2458015264830837,Drowsy
0,001_glasses_nonsleepyCombination_101_notdrowsy_jpg.rf.7347308aa822346e8217cedfebc7c312.jpg,0.0,False,0.0,0.0,0.0,Not_drowsy
1,001_glasses_nonsleepyCombination_106_notdrowsy_jpg.rf.1bc78eb83e63b31d4206341943a17786.jpg,0.24166918556038136,False,-7.25287162318898,1.980457664914546,0.32400707191658285,Not_drowsy
2,001_glasses_nonsleepyCombination_106_notdrowsy_jpg.rf.f9512efe2467fe042121ff57f39e41e0.jpg,0.23776019550187133,False,-2.6160442383226226,2.4228672654716945,0.3159692455311093,Not_drowsy
3,001_glasses_nonsleepyCombination_107_notdrowsy_jpg.rf.3055dd50404c40ca57ed46a8e1a0d0c9.jpg,0.24760221087467021,False,-1.7542876296518486,2.18211450877574,0.30254685758234734,Not_drowsy
4,001_glasses_nonsleepyCombination_107_notdrowsy_jpg.rf.3bf628116ab81895d65ec1fa603fcb71.jpg,0.25103899882354036,False,-16.10251831525504,1.3349213389247225,0.33293914706010863,Not_drowsy
5,001_glasses_nonsleepyCombination_109_notdrowsy_jpg.rf.9be0065238269ba4704993cd93fbfa4e.jpg,0.24221241112493,False,-0.9392810820079447,1.7389873041236612,0.2977398164093517,Not_drowsy
6,001_glasses_nonsleepyCombination_110_notdrowsy_jpg.rf.5795140d7e3f7c05f023229b83ac3fd5.jpg,0.2500459651924119,False,1.0585347240360363,2.8349623549804193,0.2937780358258554,Not_drowsy
7,001_glasses_nonsleepyCombination_110_notdrowsy_jpg.rf.9fd4e194c77444e304787fd3adc518f2.jpg,0.25460451128481815,False,-4.080343813870968,3.5867513104961404,0.33061545674326676,Not_drowsy
8,001_glasses_nonsleepyCombination_111_notdrowsy_jpg.rf.3d51ed2d66e68f195227a6e7474dbc6e.jpg,0.26684783811818863,False,-12.088204696985606,3.836825420022869,0.31815055972914463,Not_drowsy
9,001_glasses_nonsleepyCombination_113_notdrowsy_jpg.rf.30df897a4cd1417cb861b878bf363daf.jpg,0.2653123342126179,False,-5.275859999061318,0.3908577765028767,0.30778504642053955,Not_drowsy
10,001_glasses_nonsleepyCombination_114_notdrowsy_jpg.rf.078055224e912fdf2abcd731ae54eb59.jpg,0.22433965053891491,False,1.1356948808935456,1.8913449470808033,0.3113626462277114,Not_drowsy
11,001_glasses_nonsleepyCombination_118_notdrowsy_jpg.rf.08a0ff102e3cfa83cf0a03eafb1a7892.jpg,0.24275301001458444,False,-8.84552030359962,4.949180401425181,0.32808379262870124,Not_drowsy
12,001_glasses_nonsleepyCombination_11_notdrowsy_jpg.rf.0c4b98a09341ac675ca10164d3f236af.jpg,0.2684623828115391,False,-15.533338522788576,5.87408681915781,0.3081004256001084,Not_drowsy
13,001_glasses_nonsleepyCombination_123_notdrowsy_jpg.rf.6cbf173d69c130504896370841efbc06.jpg,0.23210907979029932,False,-13.863747159395082,3.9661920426875383,0.31382401221784495,Not_drowsy
14,001_glasses_nonsleepyCombination_124_notdrowsy_jpg.rf.0f74cfdf96e556a03adc3c3c5f8a5e1d.jpg,0.28864795423465217,False,7.863826243220821,3.0164827432729737,0.3724284397762377,Not_drowsy
15,001_glasses_nonsleepyCombination_126_notdrowsy_jpg.rf.593e9d3a71bffc2381a4ccfe57da8cea.jpg,0.2304441634101352,False,-4.580355350877255,4.56388513696605,0.3109465464229371,Not_drowsy
16,001_glasses_nonsleepyCombination_129_notdrowsy_jpg.rf.83f6aae90b2f579fe94644be54e5c613.jpg,0.22930234537555727,False,-3.8822341358527055,1.7274506221912063,0.31450007667474966,Not_drowsy
17,001_glasses_nonsleepyCombination_133_notdrowsy_jpg.rf.380a981d9df9d0ec11e6e0bc0597beec.jpg,0.246178381994513,False,6.401677438220382,1.5118952797622143,0.30500275932727,Not_drowsy
18,001_glasses_nonsleepyCombination_134_notdrowsy_jpg.rf.f5b14cac0317e83c9d94a7314bee05b3.jpg,0.250850613846153,False,-4.39851148192988,3.6579969977372357,0.3199635075847628,Not_drowsy
19,001_glasses_nonsleepyCombination_139_notdrowsy_jpg.rf.d0c2cc7dfca4adab8d980a27d001c09d.jpg,0.2503964177910468,False,-15.709057019729904,1.3656426779462336,0.34057025887997305,Not_drowsy
20,001_glasses_nonsleepyCombination_13_notdrowsy_jpg.rf.aab6cba4dd923840c462d4ba68d24ab5.jpg,0.28031063360814423,False,-4.541127948887819,4.457899242357719,0.31979259884157263,Not_drowsy
21,001_glasses_nonsleepyCombination_13_notdrowsy_jpg.rf.c32cd7d1a355f381b09f5fe3c88ce286.jpg,0.26378346577487805,False,2.554507802608299,3.932934683195583,0.3128923943889451,Not_drowsy
22,001_glasses_nonsleepyCombination_140_notdrowsy_jpg.rf.3178f8ce979c85047d817d5105c47952.jpg,0.2608494772095899,False,-16.376954117830394,2.3189958102049744,0.34048073656510935,Not_drowsy
23,001_glasses_nonsleepyCombination_141_notdrowsy_jpg.rf.50d1e940ea7cc326d7e3327059621729.jpg,0.2695537105647963,False,-9.452138994756488,0.48957105473483153,0.322629071401641,Not_drowsy
24,001_glasses_nonsleepyCombination_141_notdrowsy_jpg.rf.cba5f6d2da2226a768a06e24df86acfb.jpg,0.239344177937743,False,-10.555639454129818,4.081563200017065,0.3023028396194357,Not_drowsy
25,001_glasses_nonsleepyCombination_141_notdrowsy_jpg.rf.eab5e3ea87ddce5f29ff6b940adf14cf.jpg,0.2468266349501534,False,-3.7937517465281445,2.6540810581217684,0.30402237986355257,Not_drowsy
26,001_glasses_nonsleepyCombination_145_notdrowsy_jpg.rf.c059fe17e9f158fa5e70efe8bfc89a42.jpg,0.22827029356823553,False,0.7659869183710839,2.499378973390307,0.31398443296168876,Not_drowsy
27,001_glasses_nonsleepyCombination_147_notdrowsy_jpg.rf.bb977b885a9d5511c20d566b21a078e3.jpg,0.23565070493756587,False,7.326670619219165,-0.5814939290013328,0.31837862439324216,Not_drowsy
28,001_glasses_nonsleepyCombination_147_notdrowsy_jpg.rf.d65754c267df0526e7792e3c0f5c3543.jpg,0.2585357928741824,False,-4.501977395308678,1.775280915900062,0.33116079045600083,Not_drowsy
29,001_glasses_nonsleepyCombination_148_notdrowsy_jpg.rf.30cfa8ea7e433a1ae04b662babb54280.jpg,0.24340590633921502,False,-3.63448295046517,3.4752666084197514,0.31394495440518794,Not_drowsy
30,001_glasses_nonsleepyCombination_14_notdrowsy_jpg.rf.aaf3b9131a06719691fe61b8c116d59a.jpg,0.26688284941484636,False,-3.9975975715648318,3.9053929427808995,0.306236521012403,Not_drowsy
31,001_glasses_nonsleepyCombination_19_notdrowsy_jpg.rf.e189378011fac1d7fad02594d8a035a3.jpg,0.25760367552777064,False,-3.8889227224155647,6.534120550880644,0.3072990108704874,Not_drowsy
32,001_glasses_nonsleepyCombination_1_notdrowsy_jpg.rf.430b00891c4ed5a92656f4ba2a1ad951.jpg,0.2601539740625548,False,-2.9314606887643606,5.837627318969567,0.2987610369250784,Not_drowsy
33,001_glasses_nonsleepyCombination_26_notdrowsy_jpg.rf.f4f0969ec28a7d9730c1c075fabd5b57.jpg,0.25286048827317187,False,-4.093538959701199,5.2992114416495255,0.2253775546176871,Not_drowsy
34,001_glasses_nonsleepyCombination_27_notdrowsy_jpg.rf.dcea487ffe639162a03f0d3c2ae1eabb.jpg,0.2511299514624037,False,-3.229051826328295,5.525373929328843,0.28796118949535526,Not_drowsy
35,001_glasses_nonsleepyCombination_290_notdrowsy_jpg.rf.f92564e9079b6915e9a848c8d2edd0d1.jpg,0.32927993436323727,False,8.002246469480468,-0.8307201425264594,0.31201683935168406,Not_drowsy
36,001_glasses_nonsleepyCombination_296_notdrowsy_jpg.rf.dbd9c7af4a1b6536f48cd98e75462da3.jpg,0.30817081750549463,False,-6.106265890452974,1.5981391111838334,0.29219067416530015,Not_drowsy
37,001_glasses_nonsleepyCombination_299_notdrowsy_jpg.rf.8a7c10b2dc97f6c23e6bbf504ed3df8b.jpg,0.2892943659838491,False,1.0336605989170167,-0.9058636993659519,0.2856828587375869,Not_drowsy
38,001_glasses_nonsleepyCombination_299_notdrowsy_jpg.rf.f8529494000e15aea917e0d8b0e207f1.jpg,0.2983688552081232,False,-3.639288390367234,1.7239300620427684,0.29407580264406097,Not_drowsy
39,001_glasses_nonsleepyCombination_29_notdrowsy_jpg.rf.9dc47ac09421b965c29fa458d825f12c.jpg,0.2376808857199165,False,-4.608717038334973,4.057690101719608,0.29786186690995997,Not_drowsy
40,001_glasses_nonsleepyCombination_29_notdrowsy_jpg.rf.e0b8fb8e89d9bdde489b4dc5563ffc64.jpg,0.24753504293579584,False,-3.4920189797035732,4.388073422388807,0.31408556422578016,Not_drowsy
41,001_glasses_nonsleepyCombination_2_notdrowsy_jpg.rf.ea58fabacd2371c11f54e7a6ca1a9722.jpg,0.2762065972808331,False,-7.1498265910869705,5.990381987507838,0.31100623899047164,Not_drowsy
42,001_glasses_nonsleepyCombination_301_notdrowsy_jpg.rf.a898cb1e0c951284e2b08db989dd2268.jpg,0.2811413468276627,False,-9.138800181919123,2.2871776676472635,0.30034325060798656,Not_drowsy
43,001_glasses_nonsleepyCombination_304_notdrowsy_jpg.rf.c8b5f467b96b0a33fc2a6eea91a09ec9.jpg,0.27864076035511476,False,-4.933937070354155,2.728928061434644,0.2811513852442652,Not_drowsy
44,001_glasses_nonsleepyCombination_304_notdrowsy_jpg.rf.f40b21113e81d7442c0ded0d4bd724bd.jpg,0.30872335591011607,False,4.387062385986887,-0.9001787771130125,0.2884571939414504,Not_drowsy
45,001_glasses_nonsleepyCombination_305_notdrowsy_jpg.rf.40b8672f033296563a509ad830359ead.jpg,0.3110144006212447,False,2.6274138548539057,2.4577977216511115,0.2894891546439844,Not_drowsy
46,001_glasses_nonsleepyCombination_305_notdrowsy_jpg.rf.92428c53b3d045f7decf10ba7396d246.jpg,0.2927572020221301,False,-2.8657209531102907,3.547582310725929,0.2897500550328502,Not_drowsy
47,001_glasses_nonsleepyCombination_310_notdrowsy_jpg.rf.071f9e9cb2f66509376700342f6144e8.jpg,0.28180643860150295,False,-4.165408014235183,1.876994611828529,0.2987504040384451,Not_drowsy
48,001_glasses_nonsleepyCombination_310_notdrowsy_jpg.rf.cbc04d9a42acf58520d7118713d89566.jpg,0.29130840110331907,False,-8.838878358484592,5.117372677272883,0.2663273928432054,Not_drowsy
49,001_glasses_nonsleepyCombination_311_notdrowsy_jpg.rf.d2f787ca3f7a1e12ab2627aaa9c84b60.jpg,0.2972542578953032,False,-10.773170050101555,5.230728111418344,0.2927539984771832,Not_drowsy
50,001_glasses_nonsleepyCombination_315_notdrowsy_jpg.rf.1b4f6a4ee5bafcac686f8de8dcb342b3.jpg,0.2976783844894795,False,-2.5392016087380114,2.297008836943519,0.28917717578860136,Not_drowsy
51,001_glasses_nonsleepyCombination_316_notdrowsy_jpg.rf.8fd36e8ca2f6a11e0f6212a7d2d8222d.jpg,0.321778321405021,False,-14.12036466976108,4.026446470732367,0.29729742307375484,Not_drowsy
52,001_glasses_nonsleepyCombination_320_notdrowsy_jpg.rf.ca7402a4a787ef6512d0a7e579d5d18f.jpg,0.3023049323403004,False,-1.8959317105163436,3.0988267957913465,0.28985031133501726,Not_drowsy
53,001_glasses_nonsleepyCombination_321_notdrowsy_jpg.rf.2806d931196c689269b0bf2ae79fc35c.jpg,0.2983513792259447,False,2.776099198563493,2.1170234341877503,0.2927152754493981,Not_drowsy
54,001_glasses_nonsleepyCombination_325_notdrowsy_jpg.rf.e836ad25fd7f6c5090d743318bec82aa.jpg,0.32108013771309324,False,-4.913932691103398,4.782937539096565,0.2899364071284742,Not_drowsy
55,001_glasses_nonsleepyCombination_326_notdrowsy_jpg.rf.5660c592148cf1744c5f3c3094ce4fcf.jpg,0.2989328166236359,False,-11.225316699139327,3.940397787397245,0.3046670285835211,Not_drowsy
56,001_glasses_nonsleepyCombination_329_notdrowsy_jpg.rf.c3c44a71660c17132e7baead8991b006.jpg,0.2996799700678673,False,-13.82087504924916,3.494049814050996,0.29242844390350875,Not_drowsy
57,001_glasses_nonsleepyCombination_32_notdrowsy_jpg.rf.3fa35c91ebbc2d3eaee582eb2e5c5606.jpg,0.2700795474479314,False,-4.3725999033679415,1.041016840414656,0.2926004979139284,Not_drowsy
58,001_glasses_nonsleepyCombination_331_notdrowsy_jpg.rf.f5f73a327ed857953959bf951b1f52d2.jpg,0.3037208950423233,False,-3.336412975346768,4.679631437983062,0.2836846267064198,Not_drowsy
59,001_glasses_nonsleepyCombination_334_notdrowsy_jpg.rf.630c27c1090b23d5c34b7e331419daa9.jpg,0.30540563049098507,False,-5.746075403422232,3.1220189501645166,0.2848522143480799,Not_drowsy
60,001_glasses_nonsleepyCombination_335_notdrowsy_jpg.rf.a1a7425085c83e5798f21e859b9c4caa.jpg,0.29953544478458893,False,-9.100304681386689,3.703274322273714,0.30151553236271567,Not_drowsy
61,001_glasses_nonsleepyCombination_339_notdrowsy_jpg.rf.6885c7be774ebd902145768771d8e33e.jpg,0.3184341792851132,False,-4.502923687571588,0.6889970859146572,0.2912451127722654,Not_drowsy
62,001_glasses_nonsleepyCombination_339_notdrowsy_jpg.rf.d6f9ecff5977d6e2e0f05c658daca08b.jpg,0.3094666797618945,False,-7.791639278788708,4.654738250273283,0.3035735892659783,Not_drowsy
63,001_glasses_nonsleepyCombination_341_notdrowsy_jpg.rf.336ff3dae2bd4a9621abb412d30b4a2b.jpg,0.31009185014642776,False,-1.5580914793275227,0.3698302988499549,0.2859933734235922,Not_drowsy
64,001_glasses_nonsleepyCombination_343_notdrowsy_jpg.rf.4775030fc021865d3b4400cf6194385a.jpg,0.3133530238649868,False,-4.989705868421517,3.4143045648655956,0.28207673591282956,Not_drowsy
65,001_glasses_nonsleepyCombination_343_notdrowsy_jpg.rf.f93a013200ec0feff240ec72eed6ca6c.jpg,0.3138355787557142,False,3.3947333385648406,1.7571943603135693,0.2830622921479317,Not_drowsy
66,001_glasses_nonsleepyCombination_344_notdrowsy_jpg.rf.f6d4b1c76effdaaefe6dcbcbb56e7839.jpg,0.3143241370726659,False,1.2725648631954414,2.816923409106053,0.30354003646355765,Not_drowsy
67,001_glasses_nonsleepyCombination_348_notdrowsy_jpg.rf.ff3ab1121653007921628c21005ed294.jpg,0.32209769307213215,False,-4.412518055736456,3.8591921580128385,0.28994246903109683,Not_drowsy
68,001_glasses_nonsleepyCombination_350_notdrowsy_jpg.rf.2b7414168bb951be9bb2e17810190359.jpg,0.310639834312258,False,-4.984484642284663,2.134977754419211,0.29173927030814034,Not_drowsy
69,001_glasses_nonsleepyCombination_356_notdrowsy_jpg.rf.6a575c657408dfd7e3399c2852ccbd7c.jpg,0.3024100400080277,False,-8.099341885913596,2.380692917267922,0.2896885144791233,Not_drowsy
70,001_glasses_nonsleepyCombination_356_notdrowsy_jpg.rf.a4986f87bb0d5220546b6be2755526a2.jpg,0.3099506543563713,False,-11.655546957337947,3.5031810741501843,0.2684335486120525,Not_drowsy
71,001_glasses_nonsleepyCombination_356_notdrowsy_jpg.rf.df2ced2c2165f6e2caf5ccf61aec0972.jpg,0.3142382836078278,False,-5.481149440643819,1.4589368980059874,0.2792266252857448,Not_drowsy
72,001_glasses_nonsleepyCombination_357_notdrowsy_jpg.rf.1b0e1323d8a8422350ef5a1a749cf925.jpg,0.31900025618416183,False,-5.0928199052775796,3.05358794872987,0.2835328750787336,Not_drowsy
73,001_glasses_nonsleepyCombination_358_notdrowsy_jpg.rf.2344673433cfac5f3029a8f5fdf39290.jpg,0.31178093129670686,False,-4.3861749641895145,1.2922093610879557,0.27901066311577744,Not_drowsy
74,001_glasses_nonsleepyCombination_35_notdrowsy_jpg.rf.d9930806f32c26aaa22399ab474bf37a.jpg,0.2617512863635683,False,-3.9558466706174613,1.6714979336799516,0.30235137891498043,Not_drowsy
75,001_glasses_nonsleepyCombination_364_notdrowsy_jpg.rf.632d4bf887c9a3fa29fe1a9ee5c14b37.jpg,0.3438725697693514,False,-4.554670289181026,2.604139365224029,0.2858774156015357,Not_drowsy
76,001_glasses_nonsleepyCombination_364_notdrowsy_jpg.rf.74a3aecd6a11198b7375ab7aa05d0a1d.jpg,0.3243833612656378,False,-4.657597097095142,1.3182414259226363,0.29298526114314843,Not_drowsy
77,001_glasses_nonsleepyCombination_364_notdrowsy_jpg.rf.7ea4f6141af8346732f816cebf828ce4.jpg,0.33963526564747126,False,-17.809573756777866,2.526714905396723,0.2956497797589135,Not_drowsy
78,001_glasses_nonsleepyCombination_366_notdrowsy_jpg.rf.fb070bb0b294466d1a238d398188d7b9.jpg,0.32422276047966203,False,-10.725804631339251,1.4349392206906657,0.2843609511274262,Not_drowsy
79,001_glasses_nonsleepyCombination_36_notdrowsy_jpg.rf.88d1693ad966227d973451273393c557.jpg,0.25532938493138985,False,-5.205944915113882,0.5210746802859489,0.30602141834729035,Not_drowsy
80,001_glasses_nonsleepyCombination_372_notdrowsy_jpg.rf.bee875089f06fb19a9364c0009dd4f40.jpg,0.32653401057593995,False,-3.5929592192374997,3.866489095957718,0.2905687669406207,Not_drowsy
81,001_glasses_nonsleepyCombination_373_notdrowsy_jpg.rf.588883780c44339499cb2a5cca6a8475.jpg,0.3323178655766508,False,-3.890851325434646,2.586586525912651,0.26622416214009925,Not_drowsy
82,001_glasses_nonsleepyCombination_379_notdrowsy_jpg.rf.0d47179a563ba639708ca9c1a5663eef.jpg,0.33274267168688143,False,-10.506101703634059,3.6297914753831435,0.28529426224329935,Not_drowsy
83,001_glasses_nonsleepyCombination_384_notdrowsy_jpg.rf.f2d98e64e4773911709e26f8dd119155.jpg,0.3740430297830689,False,-6.480771366207648,3.857702624715614,0.3191747441077095,Not_drowsy
84,001_glasses_nonsleepyCombination_386_notdrowsy_jpg.rf.57f8277fefc5fdc0a8e33bad8a7812b4.jpg,0.32545386109578345,False,5.595252121106242,6.202236501825801,0.2924280129251743,Not_drowsy
85,001_glasses_nonsleepyCombination_386_notdrowsy_jpg.rf.eb2968ceeb6f2fda9ec459ac7e7ac1cc.jpg,0.3057384748143145,False,-6.931906690123121,7.096600917983963,0.2860136807750707,Not_drowsy
86,001_glasses_nonsleepyCombination_389_notdrowsy_jpg.rf.686ab45f54e0b0022e24b089715ccb12.jpg,0.2838383673867058,False,-9.911847627273517,9.264598481800071,0.27839859868993844,Not_drowsy
87,001_glasses_nonsleepyCombination_393_notdrowsy_jpg.rf.3fd21e91f6cde51461a347d21cdaab3e.jpg,0.34502549589682335,False,-4.345457782887664,5.260654184014776,0.272699866586118,Not_drowsy
88,001_glasses_nonsleepyCombination_394_notdrowsy_jpg.rf.448c9fc8c77d03f47512b2be7e8adc8d.jpg,0.3483639129300106,False,-12.918703910273301,10.203980384130844,0.26629006324524257,Not_drowsy
89,001_glasses_nonsleepyCombination_394_notdrowsy_jpg.rf.bebed335d7bb42fec66ce20c3fd36c40.jpg,0.3858772152716212,False,-4.413381375500336,4.836370292114154,0.30099673650972836,Not_drowsy
90,001_glasses_nonsleepyCombination_3_notdrowsy_jpg.rf.84f12413ec4c820e15e65cf2ab9e9886.jpg,0.258420645366333,False,-10.110840225217672,8.980616800997566,0.30071058904897574,Not_drowsy
91,001_glasses_nonsleepyCombination_400_notdrowsy_jpg.rf.181703e68df4ce4db584076ba5d91191.jpg,0.35130280483144677,False,-3.370144637583252,3.3517920436958164,0.29409702907123025,Not_drowsy
92,001_glasses_nonsleepyCombination_402_notdrowsy_jpg.rf.1974f96272fdc67fe68b6e5a13120e46.jpg,0.35197413988613796,False,-2.127081718399843,5.626759230768521,0.2764163914597797,Not_drowsy
93,001_glasses_nonsleepyCombination_403_notdrowsy_jpg.rf.5d9b8e4774c55b8a6823a9b1afbe8880.jpg,0.36200777963638586,False,-2.1932860098439733,4.045226244262523,0.26668650535296895,Not_drowsy
94,001_glasses_nonsleepyCombination_404_notdrowsy_jpg.rf.b08e4af625ed7855c951f28561109f72.jpg,0.3723395600320678,False,-9.637756546451428,6.368074370557828,0.27414363512637985,Not_drowsy
95,001_glasses_nonsleepyCombination_407_notdrowsy_jpg.rf.f972ac1ec265dbb042ae55802ef0c542.jpg,0.3519976106901352,False,-2.944571290317853,3.572252589140355,0.2723058783529076,Not_drowsy
96,001_glasses_nonsleepyCombination_47_notdrowsy_jpg.rf.1b9f314d2aa8491f94b8b9ab82b6fb23.jpg,0.26611794088272556,False,-2.4941717838309856,2.6883105895849297,0.30237034992338424,Not_drowsy
97,001_glasses_nonsleepyCombination_48_notdrowsy_jpg.rf.7b44f300c73bc2611e545275427927da.jpg,0.2404059884193709,False,-2.506612471348724,3.31799964743918,0.3177037991259959,Not_drowsy
98,001_glasses_nonsleepyCombination_49_notdrowsy_jpg.rf.54bf3a1e81e8f8c316e4ff3818066afa.jpg,0.2472783028251524,False,-4.035653184131135,6.931297994948295,0.3117784682886915,Not_drowsy
99,001_glasses_nonsleepyCombination_54_notdrowsy_jpg.rf.26c3030e2afc28e210d3b29f014d22ee.jpg,0.24465812965788317,False,-7.100092409914332,3.7100096318961775,0.30646332086151534,Not_drowsy
100,001_glasses_nonsleepyCombination_57_notdrowsy_jpg.rf.4bc470bdf0d93e95de67f406b71b6a5a.jpg,0.2387330224458171,False,-4.2005118795293015,3.3618720371297783,0.3038089474401738,Not_drowsy
101,001_glasses_nonsleepyCombination_57_notdrowsy_jpg.rf.9a9f247f86381bac98151919f21ac751.jpg,0.24165514261856036,False,-7.574384198863541,5.034160617916726,0.3132055568525277,Not_drowsy
102,001_glasses_nonsleepyCombination_59_notdrowsy_jpg.rf.4ad8919b0563b95cd60a7afc9367355f.jpg,0.24785539160953443,False,-5.364095932275511,1.4206542208026605,0.3033556828697356,Not_drowsy
103,001_glasses_nonsleepyCombination_62_notdrowsy_jpg.rf.f20588bcb2ac0603a9bd883eb98397de.jpg,0.2507829292452505,False,-5.673322885225382,2.569961614135998,0.31459991763009465,Not_drowsy
104,001_glasses_nonsleepyCombination_64_notdrowsy_jpg.rf.b5417184b37289008cba9d5ea22e8ff7.jpg,0.25296790315181106,False,-4.726111595304246,2.6908549273870648,0.30908298286460134,Not_drowsy
105,001_glasses_nonsleepyCombination_67_notdrowsy_jpg.rf.47eee2ae31191af4638ae59814532f24.jpg,0.24073367630375087,False,3.100922148447495,1.4285369492288993,0.27810139857665217,Drowsy
106,001_glasses_nonsleepyCombination_68_notdrowsy_jpg.rf.5f4979bf8fbe2422649c4ba27d149f84.jpg,0.25274060104578805,False,-2.93030712738463,3.8305146334950777,0.29713042951489355,Not_drowsy
107,001_glasses_nonsleepyCombination_69_notdrowsy_jpg.rf.bc7a38e1c282c08c231103822a2939c0.jpg,0.24293721474456978,False,-9.923306507726046,4.79394032638519,0.2852729482936859,Not_drowsy
108,001_glasses_nonsleepyCombination_70_notdrowsy_jpg.rf.698d99465f90217e0888fcd0eb1f6a1e.jpg,0.2377156344395731,False,-3.665086071332645,2.4940771029882995,0.3004635787499985,Not_drowsy
109,001_glasses_nonsleepyCombination_71_notdrowsy_jpg.rf.1068e68d5a268264d8649d24a9d80b2e.jpg,0.25409262276891137,False,-2.6501654251324567,1.733946253581081,0.3027651051477782,Not_drowsy
110,001_glasses_nonsleepyCombination_77_notdrowsy_jpg.rf.7379eb22e4f67b24bf67330b22a6f39a.jpg,0.23720221254155577,False,-3.286303999480495,2.2027100163398288,0.3087355854000335,Not_drowsy
111,001_glasses_nonsleepyCombination_78_notdrowsy_jpg.rf.592694ec265b9d93d18891efc7422e01.jpg,0.25510852169913506,False,-13.592845819279404,5.120959347793303,0.3145288929214248,Not_drowsy
112,001_glasses_nonsleepyCombination_7_notdrowsy_jpg.rf.a90fad61bb007bb3c555d3d57a819958.jpg,0.2654389839947764,False,-5.050661502211511,4.132318777472875,0.3083572933337335,Not_drowsy
113,001_glasses_nonsleepyCombination_80_notdrowsy_jpg.rf.172651c4bf78b862dcb996060a4b7c57.jpg,0.24730407280539507,False,-2.7821745886009452,3.677827581430364,0.3035717371493132,Not_drowsy
114,001_glasses_nonsleepyCombination_80_notdrowsy_jpg.rf.509cae3dbcead9d90a02c3a05f9bc20d.jpg,0.2297004993985857,False,-3.7360177115784694,3.8007358136256215,0.3311406052734716,Not_drowsy
115,001_glasses_nonsleepyCombination_82_notdrowsy_jpg.rf.a2a28b218ce0860b90de281d4ffddb1d.jpg,0.26244200930242867,False,-7.9212488444304014,4.5642481628049225,0.3047180686336028,Not_drowsy
116,001_glasses_nonsleepyCombination_86_notdrowsy_jpg.rf.2ab373507ca39620cfbd1897695223a6.jpg,0.2413534081434807,False,3.4497712455827667,4.480978311017289,0.2931990783497578,Not_drowsy
117,001_glasses_nonsleepyCombination_88_notdrowsy_jpg.rf.0bd30a74b98795eefd938b71b58191d9.jpg,0.25870660661019845,False,-3.645778642296051,2.4129303320679867,0.31745601987499644,Not_drowsy
118,001_noglasses_yawning_1171_drowsy_jpg.rf.17e6197f3a99ff4952cdf775aca11ba8.jpg,0.25956678966802654,False,9.396772192150976,4.452282341817643,0.07867022798678495,Drowsy
119,001_noglasses_yawning_1173_drowsy_jpg.rf.98d867732fda0e331bd0b3b9933d527a.jpg,0.23856013243452376,False,-2.115408737707604,4.779127002123168,0.05649609859019587,Drowsy
120,001_noglasses_yawning_1185_drowsy_jpg.rf.0226ce2c11865f0eadc3ab44fdeab0ac.jpg,0.24373893800369237,False,-8.455269491323556,2.7642442023369185,0.10593836502995842,Drowsy
121,001_noglasses_yawning_1185_drowsy_jpg.rf.c135cff035e66490784293cf20cb0d4d.jpg,0.23709145598308043,False,-9.578171176857545,1.913753527355972,0.06617061361165348,Drowsy
122,001_noglasses_yawning_1186_drowsy_jpg.rf.0f867a8ff03a56b4c7ef9413ee630df6.jpg,0.2339283607586974,False,2.8693672376515593,-0.4086502294132828,0.1453874271409813,Drowsy
123,001_noglasses_yawning_1200_drowsy_jpg.rf.e07df2f418fe2eed8131084a30748a0a.jpg,0.23234512316323783,False,1.5190161474540176,1.090652933163156,0.20444391777047607,Drowsy
124,001_noglasses_yawning_1290_drowsy_jpg.rf.d3cc478a838244c29939160e359de8f6.jpg,0.24011743215479928,False,2.9964138885296805,3.3538514767451417,0.17883023816337396,Drowsy
125,001_noglasses_yawning_1291_drowsy_jpg.rf.5c0e3a0feaae590a5c5610961043efc9.jpg,0.23805789409814476,False,-4.043939527337876,4.653939365862577,0.06602196341020346,Drowsy
126,001_noglasses_yawning_1294_drowsy_jpg.rf.033debbf2caa63b1b86f20ea92f50751.jpg,0.2385791425162639,False,-5.155146051141074,2.9840612591674542,0.03229896393793285,Drowsy
127,001_noglasses_yawning_1304_drowsy_jpg.rf.c00544b81986d5173d8998e2420b1d45.jpg,0.30407925758167714,False,6.3082756420855475,1.6184690439705136,0.07030584290093281,Drowsy
128,001_noglasses_yawning_1311_drowsy_jpg.rf.2559e3421a957b7cbd9adbbe86e0d827.jpg,0.2548614396489899,False,-9.945780393799872,2.072586852411405,0.07914777187974921,Drowsy
129,001_noglasses_yawning_1316_drowsy_jpg.rf.ca551e65b155a1c8d5363384171c0237.jpg,0.23614149840884888,False,-1.9713702327866116,2.167363728615804,0.036027989660438305,Drowsy
130,001_noglasses_yawning_1320_drowsy_jpg.rf.71e9646fbaa26eeca179f2278e0666f5.jpg,0.24210118307707695,False,4.90219563443317,3.3617408629479613,0.03248687298410951,Drowsy
131,001_noglasses_yawning_1324_drowsy_jpg.rf.93cbf311a347ae77d7d17e2f78ad8d35.jpg,0.2467882001980036,False,-10.216685092316204,1.7756735738654044,0.06684541763234796,Drowsy
132,001_noglasses_yawning_1324_drowsy_jpg.rf.a5e9d5dd6c626ede3f7d755afceae7f4.jpg,0.241761646847274,False,-2.420233746642701,0.030451824201769284,0.034855910976797466,Drowsy
133,001_noglasses_yawning_1327_drowsy_jpg.rf.33a874b0132c4e636aeab824c0856c35.jpg,0.2397343497134012,False,-2.5110823557072735,2.0326607506479917,0.032531275173433405,Drowsy
134,001_noglasses_yawning_1329_drowsy_jpg.rf.3ad1945c1d120d3066bea7b6e34168a4.jpg,0.2431786045142526,False,-1.7600294685326574,-0.010400352498798782,0.03535086265948898,Drowsy
135,001_noglasses_yawning_1331_drowsy_jpg.rf.c3afa79da68dda34eceeeb48d1c1a88c.jpg,0.24987909866005034,False,-3.3971481518539406,1.664268484865353,0.034703929118719626,Drowsy
136,001_noglasses_yawning_1332_drowsy_jpg.rf.41b596355345e9ab627769d0d9268dfa.jpg,0.22889541148669998,False,-2.571745249106158,2.065101803419921,0.03224930973614558,Drowsy
137,001_noglasses_yawning_1335_drowsy_jpg.rf.48de6316e5bf5238d45712246c1f193c.jpg,0.2347754708068654,False,-2.4194520487047626,3.1948445784633748,0.03299730372987792,Drowsy
138,001_noglasses_yawning_1335_drowsy_jpg.rf.d48ed8b49b16669df9f542da5520982b.jpg,0.24238513774694073,False,-7.6612028175870535,4.896950763452509,0.03867086133711622,Drowsy
139,001_noglasses_yawning_1336_drowsy_jpg.rf.a7b7f9b445d93f62f15783544a34decb.jpg,0.24896446965012126,False,-1.539261308220702,0.9447647495134817,0.024731217567142298,Drowsy
140,001_noglasses_yawning_1343_drowsy_jpg.rf.24f058e29c5cb4801551267d06f04b23.jpg,0.2440131646311947,False,-6.7386273290822984,3.571413373966365,0.03657647441432528,Drowsy
141,001_noglasses_yawning_1344_drowsy_jpg.rf.c70790d4189db1355463be15b14ce435.jpg,0.25384324621027277,False,-3.422244765408877,0.6981090934806602,0.0440735436482676,Drowsy
142,001_noglasses_yawning_1348_drowsy_jpg.rf.45fd9abf1a8a980ab517ff1ebce67748.jpg,0.23031681579927818,False,-2.4244654137877717,1.729525825838678,0.03739136402403249,Drowsy
143,001_noglasses_yawning_1350_drowsy_jpg.rf.6d0006c44534e82d24e451e68c856247.jpg,0.22829941075348345,False,-0.6008199057992911,2.426846840785153,0.047091265497985466,Drowsy
144,001_noglasses_yawning_1353_drowsy_jpg.rf.c2988ca9b72e8cc3071e6a3a446d7e1d.jpg,0.24607263288458317,False,-2.5228792701756078,2.515450186596645,0.15137510836679535,Drowsy
145,001_noglasses_yawning_1406_drowsy_jpg.rf.cee410866d1aeeffb81c100b3ba77407.jpg,0.2348918406619088,False,1.2183876688756143,1.7236204260963461,0.07540121505305102,Drowsy
146,001_noglasses_yawning_1407_drowsy_jpg.rf.0da21e19bb649e69b60530229437ac7a.jpg,0.2566035223241801,False,-3.2406764813811577,3.1141221968003876,0.13165377496505942,Drowsy
147,001_noglasses_yawning_1414_drowsy_jpg.rf.b1f72bd905a1974b3256ae6413e49244.jpg,0.22608765962725197,False,-0.4094524960471162,1.5542977631009833,0.24951716917388694,Drowsy
148,001_noglasses_yawning_1442_drowsy_jpg.rf.62027501bb48bcdfd8e870792f8a9e03.jpg,0.2532793845259122,False,-3.8395279684503336,2.3454492751832205,0.043806362919916686,Drowsy
149,001_noglasses_yawning_1447_drowsy_jpg.rf.516a3608f4dce4cc57c9f6e6366e4109.jpg,0.2516951844959776,False,3.5750713111542822,2.8409899302867316,0.03450141688235332,Drowsy
150,001_noglasses_yawning_1448_drowsy_jpg.rf.123a3412cd21ff489eb8db9c6de7835d.jpg,0.26071902833576116,False,-3.495593519778282,3.597433677432683,0.03209048686078846,Drowsy
151,001_noglasses_yawning_1450_drowsy_jpg.rf.12ca1c00af908bb7800c2b8667a75bda.jpg,0.2385505207263812,False,1.4663637228176825,2.2126141469873275,0.032763696368579565,Drowsy
152,001_noglasses_yawning_1452_drowsy_jpg.rf.b6b916094ae5077c242e7a571db31df1.jpg,0.25372748121919697,False,-6.483967074929744,2.094063931344621,0.03303763131758463,Drowsy
153,001_noglasses_yawning_1453_drowsy_jpg.rf.cbf137d199bf8fa1b167db9a85af76b3.jpg,0.25942915674070793,False,-2.627548043638569,2.692002335087011,0.03568172456223583,Drowsy
154,001_noglasses_yawning_1456_drowsy_jpg.rf.7742b18e671b3d2568978729890ba83e.jpg,0.23268357083058608,False,-2.5964310555297985,2.8570246164728346,0.03326199756725878,Drowsy
155,001_noglasses_yawning_1457_drowsy_jpg.rf.a5eb60f6e2cb8806a4dd5d2fd3d84d95.jpg,0.24477678791224988,False,-9.678572310685936,4.241768310324538,0.04744914476691045,Drowsy
156,001_noglasses_yawning_1459_drowsy_jpg.rf.2c877dd69d4e4d3ca13ae3f36305ed6e.jpg,0.24048671600408553,False,-3.250257394671273,0.5519971848731586,0.049787086482009066,Drowsy
157,001_noglasses_yawning_1463_drowsy_jpg.rf.d4cbacd79545c38d53a7cb54668a5a60.jpg,0.24088021573772342,False,-7.010684370911498,2.3425282647367,0.03346076757661527,Drowsy
158,001_noglasses_yawning_1466_drowsy_jpg.rf.b26771fbfe1ef79173c30455e8314fe1.jpg,0.25059246509980987,False,-1.410215769065509,-1.2254770623514943,0.03616121385936088,Drowsy
159,001_noglasses_yawning_1468_drowsy_jpg.rf.d4211291336ea6472d73ab7be578f6f2.jpg,0.23513993211055287,False,-2.8527842036349185,1.5122292624316458,0.04456791802181824,Drowsy
160,001_noglasses_yawning_1469_drowsy_jpg.rf.9eab8026fc3c5072be2ccad3ca742ee5.jpg,0.2389682545790634,False,7.049929808529207,2.372517675320239,0.04179939041366573,Drowsy
161,001_noglasses_yawning_1471_drowsy_jpg.rf.e063fd491f7d8ddbaffb29050ab42dcb.jpg,0.2621844930052549,False,-2.9425958987032814,2.89536703206317,0.04196465729403145,Drowsy
162,001_noglasses_yawning_1478_drowsy_jpg.rf.6a416a8d9ceb982afd0e77aefe8171ec.jpg,0.23175552925796217,False,7.33445859894492,0.3401818209122851,0.04447601092798214,Drowsy
163,001_noglasses_yawning_1481_drowsy_jpg.rf.b06b328675c3349296e3181ace715ba4.jpg,0.23670687130192436,False,-2.104643482727944,3.4620121362778846,0.04860526315865797,Drowsy
164,001_noglasses_yawning_1482_drowsy_jpg.rf.db75e39d39c8cc01c270d90dfc66082f.jpg,0.24042645168867177,False,5.509001998265816,-0.15075102786346406,0.04027329780306787,Drowsy
165,001_noglasses_yawning_1482_drowsy_jpg.rf.ef0f43d5ac8fe18befec6af7bc0a6516.jpg,0.23648602566614774,False,3.1350405005864417,3.1415108654877457,0.05835465202735805,Drowsy
166,001_noglasses_yawning_1483_drowsy_jpg.rf.efe5b2507bf5a8940bb5eb264983ca68.jpg,0.2546539260204755,False,-3.174584043540449,2.8138968207238264,0.06833022681878367,Drowsy
167,001_noglasses_yawning_1484_drowsy_jpg.rf.0c90324fec650d1c705e136966e67fa9.jpg,0.23705903978998374,False,-9.267532934194804,3.008282982650506,0.15207916399065444,Drowsy
168,001_noglasses_yawning_1520_drowsy_jpg.rf.e2d06f5d6252d2f5c43224a4f1d8aa5e.jpg,0.26258657605857033,False,6.206856187340243,3.3828839727932873,0.05106094352959346,Drowsy
169,001_noglasses_yawning_1522_drowsy_jpg.rf.a5163f5b9ea82ac62a2c7a4e80dec6d1.jpg,0.27056525270830417,False,-4.7713039709962075,2.72203245706217,0.08674787343536489,Drowsy
170,001_noglasses_yawning_1556_drowsy_jpg.rf.27dd4bb84e4b6f1d54d5098567fd56c0.jpg,0.2521052718438066,False,-6.659441842730445,-0.21642270300085897,0.15086640988983052,Drowsy
171,001_noglasses_yawning_1557_drowsy_jpg.rf.c31629dc4aacdcfbf42eaaa68850a234.jpg,0.2814516958880795,False,0.8413878133436796,0.3089903371803686,0.2096916092506883,Drowsy
172,001_noglasses_yawning_1584_drowsy_jpg.rf.0830e05679a2f5264d04ea2713506cf5.jpg,0.2830323100191696,False,-9.700375262905638,5.320330982213662,0.12010070559798097,Drowsy
173,001_noglasses_yawning_1607_drowsy_jpg.rf.d854efc82631d7794d45eea868f4ae0d.jpg,0.29508821416717285,False,2.8306374623003663,1.5441118717194726,0.2951451519191698,Drowsy
174,001_noglasses_yawning_1607_drowsy_jpg.rf.e1d05cf2a15a0a0bd5f70d4506db0a7a.jpg,0.331843705457321,False,-3.711289432652528,5.365314232039104,0.2790715852750638,Drowsy
175,001_noglasses_yawning_1609_drowsy_jpg.rf.de4583e7bc516f47c6b5b2366c3efad9.jpg,0.34320796542114945,False,-3.199440564586318,1.9898765470464852,0.26821755366129996,Drowsy
176,001_noglasses_yawning_1610_drowsy_jpg.rf.2ce7a1b96a69ae228791ad4c992e4204.jpg,0.3408149811943317,False,-3.277200680262176,2.7318971500830003,0.26155106751166024,Drowsy
177,001_noglasses_yawning_1613_drowsy_jpg.rf.e1b2a819871612878cfab629e2751751.jpg,0.36098403068474133,False,-2.281084389768253,2.7266974976033183,0.26386697811493387,Drowsy
178,001_noglasses_yawning_1615_drowsy_jpg.rf.72ec41e54171f6f09c6a87649fe17e57.jpg,0.37431187113698566,False,-1.873538742299509,2.6153275054942284,0.2590187810552358,Drowsy
179,001_noglasses_yawning_1617_drowsy_jpg.rf.408a1fff464b0721c012e27f231d5844.jpg,0.3791966428711262,False,-7.325505526319404,0.006524320922103755,0.2516511081235948,Drowsy
180,001_noglasses_yawning_1618_drowsy_jpg.rf.d45a4a523126e931e914d0fc8f46c317.jpg,0.39671587313749307,False,1.3862232483148134,1.6403372126364957,0.28007243174962565,Drowsy
181,001_noglasses_yawning_1620_drowsy_jpg.rf.64aaf57c72204a24fee1d596c6830f38.jpg,0.24711958078496962,False,4.180069812440742,4.933651010506033,0.14649393748823775,Drowsy
182,001_noglasses_yawning_1620_drowsy_jpg.rf.e9c97ba94d985cec2fd86033e7396f19.jpg,0.4214830969777014,False,-2.9735468543245176,1.8284235675605487,0.24679603214509083,Drowsy
183,001_noglasses_yawning_1621_drowsy_jpg.rf.e959d2859cefa2c8677aabb60fb4135b.jpg,0.3791115761659743,False,3.719975268177521,2.404213384115266,0.26558488232567184,Drowsy
184,001_noglasses_yawning_1624_drowsy_jpg.rf.8799b5f7a34ad7582653c7a4c0625cfe.jpg,0.4217975301532972,False,-2.2501791971319207,1.7204448494457196,0.2529671014789777,Drowsy
185,001_noglasses_yawning_1625_drowsy_jpg.rf.63ff0ab8a6191b9392c83433c939f1d8.jpg,0.409759400966597,False,-1.7247440138292518,3.3590701034542363,0.25326812350091477,Drowsy
186,001_noglasses_yawning_1638_drowsy_jpg.rf.399d375ac73bcdadd74501bb24721093.jpg,0.42820751799309853,False,-0.21430233665989107,4.404088616862154,0.2184232198546743,Drowsy
187,001_noglasses_yawning_1639_drowsy_jpg.rf.3dd12c0848088761f554cecd4af2bb51.jpg,0.43242909772373467,False,-0.1798694225286397,4.3407997337055235,0.24186742798419453,Drowsy
188,001_noglasses_yawning_1642_drowsy_jpg.rf.0a066aecc5417c34beb348743e037d3f.jpg,0.41692380846053395,False,0.2844691886840067,4.0682097164536515,0.25686988022968793,Drowsy
189,001_noglasses_yawning_1642_drowsy_jpg.rf.99a9ef7758bad49794783b6124c3b417.jpg,0.3961917196183372,False,12.744806895461004,4.638565256840785,0.261832098307608,Drowsy
190,001_noglasses_yawning_1653_drowsy_jpg.rf.157d2eb5f2d5eaf77c2db2136316a2dc.jpg,0.4540636349812428,False,-5.309329795762224,4.055643063402421,0.2779957781785629,Drowsy
191,001_noglasses_yawning_1653_drowsy_jpg.rf.da1e7f6464cc104dfaebbb33f82e3ee3.jpg,0.38465462358392405,False,10.041397741160736,5.306398317231853,0.28035059067375506,Drowsy
192,001_noglasses_yawning_1660_drowsy_jpg.rf.be4856935409692fc4128ba72cd58314.jpg,0.3347508341103012,False,1.4199869945803414,4.625499727549361,0.2750232571826134,Drowsy
193,001_noglasses_yawning_1665_drowsy_jpg.rf.df9b73b89ac7dd3004bda7d801ce1796.jpg,0.3430128454607839,False,-5.655766965030082,5.296132198766138,0.2675102155553933,Drowsy
194,001_noglasses_yawning_1693_drowsy_jpg.rf.873e823d61cddf632429c35e07e8da26.jpg,0.23689986786501796,False,-1.6830347292942989,4.3044652379424235,0.027353503535596946,Drowsy
195,001_noglasses_yawning_1696_drowsy_jpg.rf.492b6c8c5cc0854853f7b40d1fbb3bdc.jpg,0.2485351088911495,False,-2.1133788870473467,5.254192902771486,0.11490704733767113,Drowsy
196,001_noglasses_yawning_1721_drowsy_jpg.rf.47a66925c3a322f65a324c9c38ee94c0.jpg,0.23240621683602497,False,2.643684718582442,3.97235301380001,0.03171292919690549,Drowsy
197,001_noglasses_yawning_1724_drowsy_jpg.rf.462496c9ca470437733cc7f041648790.jpg,0.24240968295982573,False,-2.5289385593450717,4.161756220271201,0.11451617949072919,Drowsy
198,001_noglasses_yawning_1725_drowsy_jpg.rf.7d1a767635fefc783293f749db6228f5.jpg,0.24191486168001325,False,-3.9070191978675126,4.441313068120067,0.17574527896035325,Drowsy
199,001_noglasses_yawning_1787_drowsy_jpg.rf.cbad0bd413cec5e9447904b439fa65c4.jpg,0.22753116329197773,False,-2.202007905495776,3.6207072222413146,0.029160589064627984,Drowsy
200,001_noglasses_yawning_1790_drowsy_jpg.rf.529d5bd5050350206e018df4f06a337b.jpg,0.23717089758918544,False,-7.7567298009940515,4.978608931796515,0.03853365514130169,Drowsy
201,001_noglasses_yawning_1793_drowsy_jpg.rf.c82d19d6a00651f5d89c17e3692f0344.jpg,0.23887551591704045,False,-10.002083038707752,2.7319227003174547,0.028391788874651224,Drowsy
202,001_noglasses_yawning_1794_drowsy_jpg.rf.56888ce68f36d1c5f01884df1ab7066b.jpg,0.24831523098003655,False,-1.836361169119563,2.025927495571352,0.03281401372323228,Drowsy
203,001_noglasses_yawning_1795_drowsy_jpg.rf.6fb12e351319d4d34918544d56ac75d6.jpg,0.24051680560860417,False,-6.800146258952822,6.726840778096793,0.045758658642743165,Drowsy
204,001_noglasses_yawning_1802_drowsy_jpg.rf.f4efdbe6733226c4c15187bf5202dd53.jpg,0.23855212051113928,False,-5.67510778634108,2.9469171208457254,0.04214284967693968,Drowsy
205,001_noglasses_yawning_1861_drowsy_jpg.rf.4f08c97881faab802fc3d6a0262bf008.jpg,0.24243247186799044,False,-9.18795428943453,4.687974210344706,0.026214003999234105,Drowsy
206,001_noglasses_yawning_1861_drowsy_jpg.rf.c4952933992fd6903b8a692f37504205.jpg,0.2491066080640189,False,-1.3805080407594872,0.9603168249513061,0.03459200178338168,Drowsy
207,001_noglasses_yawning_1862_drowsy_jpg.rf.ccceb10472d5e51b5596a6f6ebf927c8.jpg,0.24113783497740562,False,-8.038716205781093,2.2298300475179573,0.047075613768191235,Drowsy
208,001_noglasses_yawning_1866_drowsy_jpg.rf.474f4e184b51eef041789ea504f4e6f1.jpg,0.2504346737407868,False,-4.228508753248718,1.354291274261108,0.03089147191571913,Drowsy
209,0022_jpg.rf.73dd2b30f4de938ff5aef1d296d0213d.jpg,0.3112977487603196,False,3.9473430743407647,-7.895141628883081,0.09410242585014972,Drowsy
210,0026_jpg.rf.1b822bfcda20a635c36ff9668ad9fc18.jpg,0.2046883283320978,False,7.8568503950280615,-10.475265641993289,0.06400242411540304,Drowsy
211,0028_jpg.rf.15d6f6fcdac16585a866adbf782a9263.jpg,0.1832917317450744,False,-0.7731043704069975,-5.941106389599597,0.06912877322229023,Drowsy
212,0028_jpg.rf.94a2360ac4fd05b87e92fb5bb553e8ae.jpg,0.16665142233033148,False,-5.771598994285931,-5.494687347466936,0.07598487420346195,Drowsy
213,002_glasses_sleepyCombination_321_drowsy_jpg.rf.5c7ee3db0784f3c79a26499bbb81e923.jpg,0.309348957144572,False,-10.544257177654934,8.98794282171044,0.16120265292397287,Drowsy
214,002_glasses_sleepyCombination_321_drowsy_jpg.rf.f8ea6b0741191642357405830f4dcb1d.jpg,0.2927249311063354,False,-10.193217291268617,10.550399622710515,0.14048433553133005,Drowsy
215,002_glasses_sleepyCombination_323_drowsy_jpg.rf.0f145231d4758144e75f9b015c3da950.jpg,0.3116952261579541,False,-2.0777525588333603,5.4916344673066035,0.17331044812141155,Drowsy
216,002_glasses_sleepyCombination_323_drowsy_jpg.rf.256b04ba816aadf23617092d042873e8.jpg,0.29039853990466125,False,-10.239076377745036,9.002353545078407,0.13630904216058182,Drowsy
217,002_glasses_sleepyCombination_330_drowsy_jpg.rf.5ec58033a61261324d333831cd09f916.jpg,0.2870725450273971,False,-2.090711679028999,8.717971367848797,0.18296292004372605,Drowsy
218,002_glasses_sleepyCombination_330_drowsy_jpg.rf.84b55c10a6813cd7fac98c371d978428.jpg,0.31553717814959265,False,-7.673455902542209,8.230551603379148,0.23930898192970235,Drowsy
219,002_glasses_sleepyCombination_357_drowsy_jpg.rf.3ff3389c309116f720316a01d12f959c.jpg,0.2859768698703411,False,-0.8978143242179115,5.791077270865195,0.17734807249013887,Drowsy
220,002_glasses_sleepyCombination_411_drowsy_jpg.rf.ab8b5d70dae2787cc551b5380a32887b.jpg,0.29078138268253245,False,0.09576200647860134,3.690069624877758,0.15628923465444353,Drowsy
221,002_glasses_sleepyCombination_414_drowsy_jpg.rf.5c0fb5a90b878ce6e50a46c970507695.jpg,0.2893912764883328,False,6.41451107238251,2.6537410915994144,0.1845158779830235,Drowsy
222,002_glasses_sleepyCombination_482_drowsy_jpg.rf.8f00a3ad96ed72466f003ed8e4c4cff2.jpg,0.41542135302964517,False,7.0091320210849375,5.299453843347301,0.2283302667753319,Drowsy
223,0031_jpg.rf.beb590ca9bee4c5a2af8fc82a7e69d71.jpg,0.16381967130038483,False,-11.842860925806775,-3.7700737879105404,0.08237289161600922,Drowsy
224,0033_jpg.rf.a0ec2a22377ee79f689e6ee0411e0182.jpg,0.18549180175767851,False,-5.0902050820164035,-4.103233916427072,0.1103874630283208,Drowsy
225,0034-2-_jpg.rf.f3435f483065adb0ca9deb641b403be8.jpg,0.23126778813573626,False,8.723781819230851,-12.559752483252034,0.17198950936975002,Not_drowsy
226,0034_jpg.rf.28d1dd19646da3c2e5963b60e4ed57f0.jpg,0.18622674333453604,False,-2.785698768072649,-3.090737670317857,0.1576337033770727,Drowsy
227,0034_jpg.rf.6506f1a535e9e46e5e182a2a3a43db38.jpg,0.1838185785650311,False,-0.005434751731243637,-2.671316247945967,0.16665370463151358,Drowsy
228,0035_jpg.rf.d79b51236fe854b6727474f7584f2376.jpg,0.18784410539450525,False,6.272910786994224,-2.803040070310921,0.17622325999021055,Drowsy
229,0036_jpg.rf.b0233d6b2173f502b0f1705d1c9353f5.jpg,0.28391939456001175,False,1.6416043065205699,-2.8736852934936152,0.06401197875468108,Drowsy
230,0037_jpg.rf.8e71738e7b83324703be1c85cfb11499.jpg,0.1928675839197381,False,-0.6262707515336672,0.21681767408904307,0.2160259597460084,Drowsy
231,0038_jpg.rf.51af57ff26126e8b985670c0b22566eb.jpg,0.39222684675015795,False,-3.176419293325594,-2.424638203667982,0.1452532822639898,Drowsy
232,0064_jpg.rf.9355bc7df34eff5d10705d6b647d241a.jpg,0.25888984705606377,False,-0.8349746869686712,5.417368537563043,0.1219081221638226,Drowsy
233,0068_jpg.rf.454caa0c18cdbd6e84154966792c65c0.jpg,0.1805987362249933,False,-9.882773381721279,-0.8982124635960673,0.10932452664411817,Drowsy
234,0069_jpg.rf.b7527f5ce19b098fa66f18c79a16f3c8.jpg,0.19314477461210133,False,-9.158963258965102,-0.8111184243584972,0.10043929527811157,Drowsy
235,0075_jpg.rf.c2b07ca72b389ae1233edcafc0cc1ae1.jpg,0.17429029462196932,False,-2.596046895195826,-12.309836463125833,0.08540843033681927,Drowsy
236,0076_jpg.rf.ecc94b12c81bcfc8fd01d608bbe5c253.jpg,0.1928620242409702,False,5.614289231830405,-13.011557189002467,0.08592408637901847,Drowsy
237,0078-2-_jpg.rf.b161b0a36b9d7bfadb5693d3dbecd2ce.jpg,0.0,False,0.0,0.0,0.0,Not_drowsy
238,0078_jpg.rf.e81fe6ad393db5474fdc39d48ab0e7c1.jpg,0.1559873705969772,False,-2.223241996806564,-15.842456314641375,0.09036726616860218,Drowsy
239,0079-2-_jpg.rf.f691eab68e88188490289c9ef145f137.jpg,0.0,False,0.0,0.0,0.0,Not_drowsy
240,0079_jpg.rf.30648def1857c0e926eb66a57cefd8ac.jpg,0.17137986395032062,False,6.708008985880504,-16.174062861225003,0.09829632053295323,Drowsy
241,0080_jpg.rf.ec14df99cfe5df6310d631f529dedb2a.jpg,0.1603501669215176,False,-2.2521693442150976,-14.209920401949049,0.08416117013698406,Drowsy
242,0082-2-_jpg.rf.443791500e0e153bce2bd77aa782dcd8.jpg,0.0,False,0.0,0.0,0.0,Not_drowsy
243,0083-2-_jpg.rf.c396856339956a1ac546e0353dabecf6.jpg,0.321805873807483,False,-5.986754761241961,10.792543642916272,0.20712155927159637,Not_drowsy
244,0083-2-_jpg.rf.d7f69535b89eb0a2302deaa1c8de6d5b.jpg,0.32854424898536244,False,-11.763954582400956,10.799206817920592,0.20202402727009738,Not_drowsy
245,0085-2-_jpg.rf.4ed7c2290dc6597ae51ae35512e68a10.jpg,0.31042903156895496,False,-12.155664877374328,9.83673597333749,0.22663399201910772,Not_drowsy
246,0085-2-_jpg.rf.b94d10439007055eee6d5cdb11ae36aa.jpg,0.32691521288520553,False,-4.460656452256835,9.726604143509562,0.25516016718141826,Not_drowsy
247,0092_jpg.rf.4a9255a67cf06cc65fd0ea63effe8274.jpg,0.21554412339466728,False,3.4126539329860606,-4.092743459731743,0.15076440036479127,Drowsy
248,0100_jpg.rf.e6c6bbb35d5b0cc220ee2400be70a7d1.jpg,0.0,False,0.0,0.0,0.0,Drowsy
249,0101_jpg.rf.037b90643fdd37dad36d79551b41ecc7.jpg,0.1762680048423696,False,0.32978483261337743,-12.824057075937937,0.10057760584655437,Drowsy
250,0119_jpg.rf.2b305495776f3cf6da6a31a87f8275a5.jpg,0.0,False,0.0,0.0,0.0,Drowsy
251,0127_jpg.rf.10348d87e2b6da3c4617401fc872911d.jpg,0.3219618451066272,False,-4.887177594914448,15.97080326278514,0.161628050176952,Drowsy
252,0128_jpg.rf.f5c8fa19c49774c8b6edbf2202361bb2.jpg,0.29146925964436,False,-4.8136146836449285,14.846631032208627,0.02642901547915204,Drowsy
253,0136_jpg.rf.7ac28bd3534a5147e266ea12b9ce363d.jpg,0.18377375003326524,False,-7.629332056325879,-6.267227701541557,0.1591102524316127,Drowsy
254,0137_jpg.rf.ff93ee648541f7e22d30f294291156ea.jpg,0.18802880868839564,False,-1.404011378838959,0.7106115665203134,0.096595710497625,Drowsy
255,0138_jpg.rf.371daa2b34171f9ab8f7b77d18bf9e8c.jpg,0.21103086257481007,False,-9.00643064489443,-1.1745774447182598,0.09445489757593983,Drowsy
256,0142_jpg.rf.9f26d27b95e5a7c9fab10665cbc03055.jpg,0.19195253721726088,False,3.5573895309256187,-2.8213322163469954,0.08488292675187922,Drowsy
257,0144_jpg.rf.00e40e20b206292ed60a3a6a736223b1.jpg,0.20119473269362648,False,-3.9901231660231318,-6.360623504363339,0.09929690239741945,Drowsy
258,0145_jpg.rf.807201a2467353eb7fee7ad2ab71d7c4.jpg,0.2016653964217945,False,-5.964635534797807,-5.05968922678052,0.08165705497232112,Drowsy
259,0146_jpg.rf.8c94cf9458cf58c706f61f35e72faf43.jpg,0.19717474689369371,False,-2.555801970697665,-5.673837790396611,0.09857370400270882,Drowsy
260,0153_jpg.rf.a7871ecbd7e13ef1ec3417f06a219a2f.jpg,0.20338957126270704,False,6.744298015293573,-7.526998318116149,0.06944553604539686,Drowsy
261,0154-2-_jpg.rf.700bff3a9fad826bb9951decca242976.jpg,0.3034859731947855,False,-17.710359977934104,6.378128734844459,0.1648845863133684,Not_drowsy
262,0157_jpg.rf.ba57932943e61572ce604c2ebcf08957.jpg,0.1965370509890515,False,-8.899128950876623,-12.076647893333856,0.08238730370203973,Drowsy
263,0160_jpg.rf.cf41ad44a78793e8a95cf739a41b72da.jpg,0.18049204986000303,False,-7.6024379920313905,-6.796161794435903,0.08098397394368873,Drowsy
264,0161-2-_jpg.rf.20260e7c68823dfb7643f145f1b4dd1b.jpg,0.21483993160599518,False,-13.684520594579894,6.043175051760031,0.1422838534568274,Not_drowsy
265,0161-2-_jpg.rf.20b4edcc7a9b9d9d0463ba729ea9eff1.jpg,0.18127351794816282,False,-16.96054622096586,7.047499656373738,0.17077639477110418,Not_drowsy
266,0162_jpg.rf.c351165c4db631de294eb2046535c19d.jpg,0.18494891819933454,False,-0.602603331813583,-10.630161658474748,0.08115230969275,Drowsy
267,0163-2-_jpg.rf.f8db371be456c80e204cfe23335a612f.jpg,0.22105261758769507,False,-14.233066160829381,7.395542624925682,0.150071484957317,Not_drowsy
268,0164-2-_jpg.rf.8c067a51052589ccb92d55ce16f1aef3.jpg,0.20186830320303137,False,-4.791688265882492,5.950191993825932,0.1285762885130515,Not_drowsy
269,0166-2-_jpg.rf.1ff6f936314120e2aef7475ff3eaa3f0.jpg,0.21986376312995715,False,-12.219117406863255,7.546932228393622,0.17016129427527088,Not_drowsy
270,0169-2-_jpg.rf.2d340c6718009f5a1bc0457ef3da890e.jpg,0.2168020402263268,False,-11.391358436327728,9.308827552106884,0.17498149486826062,Not_drowsy
271,0169-2-_jpg.rf.6c55f02e7792621267ab577b567d1162.jpg,0.17476275928864504,False,-6.146792157790188,7.969933943256471,0.15046849176039767,Not_drowsy
272,0175-2-_jpg.rf.cd29920450b6eb358a61adbb8529741d.jpg,0.1966144184856239,False,-2.0789161062208876,9.189900805074785,0.1306011586435863,Not_drowsy
273,0176-2-_jpg.rf.df979eb428d6b2543395482eeb756e13.jpg,0.211758624359888,False,-12.351329088095731,8.215352766766472,0.16391401517015408,Not_drowsy
274,0176_jpg.rf.0915b46ebfb87dbd3a7e6e8b393c0b41.jpg,0.14578901405849443,False,-6.178921540670359,-14.431275613834956,0.1035865954213884,Drowsy
275,0176_jpg.rf.eb481cb632b6073323b15fe530df9b14.jpg,0.18110375716024,False,1.4101263977775886,-12.477792936801677,0.09949626674042727,Drowsy
276,0180_jpg.rf.3c5ea047f8b26aaf5af0cfc26e0cebfd.jpg,0.1682512708641997,False,-8.11235181718041,-13.338303151276747,0.10040956241660043,Drowsy
277,0181_jpg.rf.422336ba4e1c5489cb7e81febfff82d6.jpg,0.18605066590833047,False,1.9530478389015684,-15.651504925463541,0.08508005964042686,Drowsy
278,0184_jpg.rf.4382f83567b06f6040a1af881c1bd8c3.jpg,0.1461879823661159,False,1.5688123918921022,-16.35435341272791,0.1013672127755132,Drowsy
279,0188_jpg.rf.14f2d3e6b86626c23c793c076ad8bef4.jpg,0.15990596852111766,False,1.4562842069047335,-19.01945380612483,0.0874598922005766,Drowsy
280,0194_jpg.rf.10506241e1bf92d03efbb9f299acd0d8.jpg,0.1416193719662963,False,9.19359064095864,-23.830442441471746,0.11265995624787621,Drowsy
281,0196_jpg.rf.6fe3ef3fdbc866f10300cf7cb9a8dd18.jpg,0.15074883328266317,False,-2.8525411432242365,-24.87261192270215,0.09591725073939307,Drowsy
282,0197_jpg.rf.0f0a1b2f6dc4bdea14290031574581fa.jpg,0.1303993422489445,False,-0.9737982021397329,-22.635847826390176,0.12661824256660062,Drowsy
283,0197_jpg.rf.f70820a8d1c1f8533a427a8d1709d9cd.jpg,0.12970296140285298,False,-5.877437127118029,-25.721599168835,0.13124277858429823,Drowsy
284,0203_jpg.rf.8d2759db04e814a5007754b7bfdeda3d.jpg,0.10109765976265148,False,-11.52138042203186,-31.536011460871705,0.1218229343786808,Drowsy
285,0206_jpg.rf.2f4092f8ccf9eb9159c6ff8ab8f42f3d.jpg,0.11079681549551941,False,-5.063342392592695,-35.531220643687384,0.1455930283331362,Drowsy
286,0207_jpg.rf.ebb536cf07391a3f4b575e62a3faee5b.jpg,0.08915432194840756,False,-14.204631577690485,-37.09059872390812,0.16516350061811436,Drowsy
287,0209_jpg.rf.59d30ebc080b5da505fed1876dcc27e6.jpg,0.1402030536245933,False,-6.372066783802197,-39.662898956003104,0.1813620469444252,Drowsy
288,0215_jpg.rf.4de1e6f925630c15845c3d01f80f09ac.jpg,0.29773718082467215,False,-17.217705409911716,-10.977105280651294,0.20039887233767617,Drowsy
289,0219_jpg.rf.241feeba4d6ec62b84921d8b2a169980.jpg,0.0,False,0.0,0.0,0.0,Drowsy
290,0229_jpg.rf.ffcb01b8a6cecce9621d1938c69be314.jpg,0.0,False,0.0,0.0,0.0,Drowsy
291,0231_jpg.rf.199e558f77582aabc92525bfaa43c111.jpg,0.0,False,0.0,0.0,0.0,Drowsy
292,0231_jpg.rf.ec55df490c462cd519c3d0c7a1951198.jpg,0.0,False,0.0,0.0,0.0,Drowsy
293,0232_jpg.rf.5d01f5ca33fc3bb11130a0c183746a01.jpg,0.0,False,0.0,0.0,0.0,Drowsy
294,0233_jpg.rf.3869fe260585b0746c24eb4dcdd2dfe8.jpg,0.0,False,0.0,0.0,0.0,Drowsy
295,0233_jpg.rf.4e5f4d1f819e4bf28a55aeaa7e926279.jpg,0.0,False,0.0,0.0,0.0,Drowsy
296,0235_jpg.rf.057421a97ded0676a2525b70aa35f12d.jpg,0.0,False,0.0,0.0,0.0,Drowsy
297,0236_jpg.rf.0df2b7ae4aa935d174d44c7e19ca58fa.jpg,0.0,False,0.0,0.0,0.0,Drowsy
298,0237_jpg.rf.2751afb20f1e3c982da821d0d391c3cd.jpg,0.0,False,0.0,0.0,0.0,Drowsy
299,0240_jpg.rf.3aef5251e0a34bc3a7609d385934bc61.jpg,0.0,False,0.0,0.0,0.0,Drowsy
300,0240_jpg.rf.ac65f84f19a689c1c741195c1fda2636.jpg,0.23308583293212756,False,-24.83527236926887,-39.322066605568594,0.1391292889729926,Drowsy
301,0245_jpg.rf.c93aa410244d609148ab59271abf99f4.jpg,0.1332104195729523,False,-19.074788774827972,-42.1438157381739,0.1835629998697084,Drowsy
302,0247_jpg.rf.c34e6d77bcb96831dd8a1444e1229e4a.jpg,0.20487797547477968,False,-19.53624151153597,-30.97245462541153,0.14094203720603557,Drowsy
303,0248_jpg.rf.43d72d05f3477a53e701e42e514063d8.jpg,0.12077044576020798,False,-8.96080332985212,-43.548312477607794,0.18273757415241718,Drowsy
304,0252_jpg.rf.16b33b5972f928518747e5a3a8440c4e.jpg,0.14361345580380555,False,-7.052596353724297,-43.946091749944614,0.2310345738779641,Drowsy
305,0255_jpg.rf.123e209b15dfba660b778f401c128c3f.jpg,0.09998081952474651,False,-16.39277561706428,-40.38062987822168,0.24039770529227167,Drowsy
306,0256_jpg.rf.4b1b0dcc3e971dd42219dec43e0984cc.jpg,0.157194131122542,False,-10.27712591362593,-38.85673011467476,0.25240721487725537,Drowsy
307,0258_jpg.rf.cd13b8fd27b83e30766e5bfeb85acd03.jpg,0.11229528419701496,False,-6.3765289994846555,-36.51256969992283,0.2586635559389054,Drowsy
308,0263_jpg.rf.3f5d5289d15b973812bbe36e1fa1c9e9.jpg,0.0,False,0.0,0.0,0.0,Drowsy
309,0283_jpg.rf.ed4125a1bffb8a67bb5732734f82b2ce.jpg,0.13400857635400273,False,2.5064764255875716,-16.70276582352998,0.3071470290914094,Drowsy
310,0294_jpg.rf.afaccd1e5839c459d8ab7180bb1a8dcf.jpg,0.0,False,0.0,0.0,0.0,Not_drowsy
311,0299_jpg.rf.1a9e1f8cb923720de381340eff966406.jpg,0.2420880033911737,False,9.495391764101697,3.4211331691049196,0.19241968823058114,Not_drowsy
312,0300_jpg.rf.eb9024501e220fa786f4dfcc534a6fd0.jpg,0.24800505365893735,False,9.839296983701267,3.1926468735146116,0.1350832715322443,Not_drowsy
313,0301_jpg.rf.edce60adc0c56c3bb3daa76271d4177c.jpg,0.2378178189285992,False,9.374232185887621,2.217380775557075,0.13756133642808183,Not_drowsy
314,0313_jpg.rf.cc6c712b3826931c0be1c45a5269eb5b.jpg,0.0,False,0.0,0.0,0.0,Drowsy
315,0317_jpg.rf.19195ce963373dcf8f14d2177174e8aa.jpg,0.18622271443199767,False,-0.22112141355820114,-4.931056850904568,0.060679347307924555,Drowsy
316,0320_jpg.rf.5c07a02eefbc3eab48a9c956c40522a0.jpg,0.1948418007688391,False,-1.0531570261149241,-6.39119581565744,0.07654569049729529,Drowsy
317,0322_jpg.rf.447e41a30e2d08ecdf245ebd6ab6ecc1.jpg,0.1844560718322694,False,-0.9522335114114355,-5.007757081733779,0.06571825102917786,Drowsy
318,0322_jpg.rf.458b86a7bcb7008e32d9bc894f9fed88.jpg,0.17406147619809606,False,-2.334772082160157,-3.1063542178998276,0.06387047698411066,Drowsy
319,0325_jpg.rf.654622923cb93e3455d36ae64f493476.jpg,0.3769563389678096,False,-1.0412143874539908,-7.403467860766163,0.1944413689774271,Not_drowsy
320,0325_jpg.rf.cf126232713cb9922bdd5b0d299af5be.jpg,0.1716984791436907,False,-0.3474108426875091,-6.72519283434179,0.06756073602689927,Drowsy
321,0349_jpg.rf.aea8a264b281faa9da29e04a1ee7d4a4.jpg,0.18578661308706268,False,6.618765387738435,-8.630568265414205,0.309239681180139,Not_drowsy
322,0349_jpg.rf.b8cac74a5be727869ef5219579677bfa.jpg,0.17541575712704563,False,-0.7699704257437645,-7.579718073393394,0.29869055446530746,Not_drowsy
323,0353_jpg.rf.503487149fde3487b37cdc74c956aa4f.jpg,0.172600812358478,False,-9.442312261003451,-6.502882103144579,0.28406805064188156,Not_drowsy
324,0353_jpg.rf.e95e8d230dfee672b2b7bdcc402e5dc6.jpg,0.18880964541247072,False,-1.1886321722168276,-8.265940839289051,0.26924069947888607,Not_drowsy
325,0356_jpg.rf.82a5be1c9aeda537fd06e47a9c99f044.jpg,0.18330882342390428,False,-7.452976799122958,-5.00053855646361,0.2954356053240923,Not_drowsy
326,0356_jpg.rf.b88a0e7b7d96235cf0ec16fed6ee02c6.jpg,0.2018783169624967,False,-0.8623884919056337,-4.62657453035613,0.27533864927495333,Not_drowsy
327,0364_jpg.rf.c1b1ee42c909827b0b47af7f337583fb.jpg,0.17802291436691403,False,-1.537002195829558,-4.457129085017222,0.06859391124000733,Drowsy
328,0395_jpg.rf.30fa6a297bf9d3d0b0e43ea57ccfa4ef.jpg,0.12460780362360002,False,-0.9123749760711917,-4.648558549557855,0.13301677826379846,Drowsy
329,0401_jpg.rf.cc639e0993c51f132cef40dd4eda9249.jpg,0.1934841936440357,False,5.424568950329217,-2.2986582023525344,0.12843300420066106,Drowsy
330,0404_jpg.rf.c38499cae2843e143329fee29431b1bd.jpg,0.17372578236639433,False,-0.9456438487879666,-1.0297100682523208,0.07637325220668831,Drowsy
331,0405_jpg.rf.7c88bcf73663735425da33be9edb7837.jpg,0.16311976347565926,False,-0.8558109203053235,-3.667351454167026,0.12015420950090316,Drowsy
332,0407_jpg.rf.1cb8fa38d1dd7797fba26e6b8739cac9.jpg,0.1789773392961509,False,-8.25953301419294,-3.8538104806099938,0.10862506162633545,Drowsy
333,0419_jpg.rf.9fe61d5ce3361c7f923af679ef7de420.jpg,0.2561248012023357,False,-13.420349090153195,-3.554238785247925,0.30616959851917785,Not_drowsy
334,0441_jpg.rf.036e7ae7a43778d252cc148cb2f3b5c5.jpg,0.16581338343759205,False,-4.675403992904727,-21.607019792273682,0.12211376728893644,Drowsy
335,0444_jpg.rf.6494310ef48a3cea6bd160e834ce4f36.jpg,0.17172312418903316,False,-1.524772429532149,-17.56133133858787,0.10979800540186732,Drowsy
336,0449_jpg.rf.e3d4644ea98ef4397a7a2ae01cc2d9e3.jpg,0.17558909723902244,False,1.700828013890785,-17.407097088357972,0.10418808476513354,Drowsy
337,0451_jpg.rf.9f486efaa0804b8fd47c0c58f8804649.jpg,0.17326049436480262,False,-0.8872448873214651,-19.054994174718153,0.11921337645648963,Drowsy
338,0451_jpg.rf.ab99b152186a2ace8921703a80fb784b.jpg,0.1870120049821498,False,-0.8537521078036647,-20.535987155604452,0.12081366176368422,Drowsy
339,0461_jpg.rf.5197cf12836e6111c26269edf273d61d.jpg,0.17183909635998784,False,-4.719079304791563,-20.59412367767171,0.10685952116032617,Drowsy
340,0461_jpg.rf.ea7935d1a0dd7d0bd069a9f67896d507.jpg,0.19615203665603329,False,-2.377450503026033,-19.58888608912244,0.103921208406631,Drowsy
341,0472_jpg.rf.0a352701c0448c6200b7d57cc4f3de44.jpg,0.0,False,0.0,0.0,0.0,Drowsy
342,0472_jpg.rf.4251e7833aa65b7af90325ff7bc67747.jpg,0.0,False,0.0,0.0,0.0,Drowsy
343,0473_jpg.rf.aaf7512d5f99e2b3de23c357b16eee18.jpg,0.0,False,0.0,0.0,0.0,Drowsy
344,0476_jpg.rf.1eb0ce5dd9f4f57399f388c2e4458eb9.jpg,0.11193775687780506,False,-1.881916433767877,-43.6257142876392,0.20607962569616514,Drowsy
345,0477_jpg.rf.6985cb75cd9cd4bf788ecfac7df485df.jpg,0.0,False,0.0,0.0,0.0,Drowsy
346,0480_jpg.rf.cf011fce6b9dc318ea5ad654d2588cda.jpg,0.26226145205565193,False,-3.295158600024955,-11.196229931905172,0.07768384959758184,Drowsy
347,0481_jpg.rf.6ddf9cebb14822b74fb69c2d81766854.jpg,0.2414558029362474,False,-0.7969209753831237,-12.930279602184306,0.08362353958531901,Drowsy
348,0482_jpg.rf.a9bf956ec3a0d031270af1e3fa4fd22f.jpg,0.2391964403666477,False,1.5301156443901789,-10.62135530222637,0.07429837602973885,Drowsy
349,0486_jpg.rf.e99dda6d1f21d7da2ea2ad439b378ae8.jpg,0.23727770574832274,False,7.934874340138975,-10.345756983676793,0.1985137733461888,Drowsy
350,0487_jpg.rf.c06333b34b5425c02be637cf0248a4e0.jpg,0.2344392577043452,False,-5.085373685321933,-8.022347412131879,0.2575732544574987,Not_drowsy
351,0495_jpg.rf.b218ecebaedeb630df22a7b30ff66626.jpg,0.12139588041198138,False,0.8474423471198378,-16.657866781507643,0.29245050486627394,Not_drowsy
352,0499_jpg.rf.16783dd52c1cff010fa181b824fc77ee.jpg,0.1570171074015105,False,-1.0343149684379043,-10.319859529657101,0.2789785266851905,Not_drowsy
353,1003_jpg.rf.57a98f2d83af4d027b6069c9f6ebd018.jpg,0.23241634485953386,False,5.540290385894963,0.3848019430229854,0.3513739456304123,Not_drowsy
354,1004_jpg.rf.de9f2efc5d55edae12d9ae5fdb303c16.jpg,0.16035175431113421,False,4.977540598469275,3.0930192018116855,0.15279142526145872,Not_drowsy
355,105_jpg.rf.057ac3311f24e921c40fe29bd9f5c6d1.jpg,0.0,False,0.0,0.0,0.0,Drowsy
356,105_jpg.rf.268bb410a9f0afccb4a4980fe5df9b9a.jpg,0.5169565313804256,True,-0.8515633917949401,-12.893683494179662,0.37681853765433404,Drowsy
357,105_jpg.rf.3fb0b26efdc46eaf5a66eb273a85ca59.jpg,0.4731167847856856,False,1.7679190453041969,-5.766869850171531,0.38042805703218735,Drowsy
358,108_jpg.rf.0cf20def88eff0aaac4f48d5e375786d.jpg,0.5214895311773327,True,-0.7479032632552247,-8.417566370890093,0.35982132088157676,Drowsy
359,1174_jpg.rf.2e16a9d13e8492e5fbd093e7da82f232.jpg,0.0,False,0.0,0.0,0.0,Not_drowsy
360,1174_jpg.rf.2f691d5f4300224f7d6dca1c4958fc54.jpg,0.17740384132295153,False,-3.773237774836474,-10.223243646950507,0.24423337486495367,Not_drowsy
361,1176_jpg.rf.1ed3ece9df032bec0b88b9914858a54b.jpg,0.19305126619029725,False,-0.22714958695073761,-6.4369354853433975,0.295424381281797,Not_drowsy
362,1362_jpg.rf.9d5bd4c2345fabf0d25bee525cb4f967.jpg,0.23129370380887732,False,-4.515750831534234,2.2982442881208485,0.1578738505559445,Not_drowsy
363,1363_jpg.rf.2ac8a74c68832f8cb9a416be36d031f5.jpg,0.19119782483547199,False,-4.574228647387947,-11.877336526574084,0.27657811483900896,Not_drowsy
364,144_jpg.rf.0c6df623956f5e75b08af16a32a93dba.jpg,0.2652817980195011,False,-5.614319396640688,-10.379492932282375,0.3213558890550868,Not_drowsy
365,144_jpg.rf.804253ac44141b5ba94a43b915800238.jpg,0.2572939377973754,False,3.6797318875482787,-9.618153896448987,0.30031087401810996,Not_drowsy
366,149_jpg.rf.3d73ae52f18fe86a72dcf584adaa5c33.jpg,0.2620270230484505,False,-2.2554766047823875,-12.660371882743291,0.32841967379129,Not_drowsy
367,17_jpg.rf.aeac904e810e470dc52045f96f5a909d.jpg,0.0,False,0.0,0.0,0.0,Drowsy
368,18_jpg.rf.d44ef72e8a9d371fe23aa5e113082a67.jpg,0.3618926189434264,False,0.8042482059568741,-3.7904127997865658,0.3041904727410021,Drowsy
369,19_jpg.rf.6b2ae20ea6ea1dc7faded79bd91eef60.jpg,0.35348343818229355,False,-2.2854302119826713,0.37732282672195794,0.2891038343874178,Drowsy
370,202_jpg.rf.07531f305ba8005ca49228437bf64185.jpg,0.1791792344783367,False,3.2424528277785427,-3.4627465736474576,0.28403037698822653,Not_drowsy
371,209_jpg.rf.0786efa28a6e3a7f5148e423b9b92023.jpg,0.17920917863888675,False,-1.566739351938395,9.245529491107689,0.2390852040314269,Not_drowsy
372,20_jpg.rf.e5d9a467121174a4f8beb17e91d25cde.jpg,0.4322880866673851,False,-9.426181205422225,-0.4626726477182075,0.2630852082985503,Drowsy
373,212_jpg.rf.e17dee7ebd03897712488b3afa652191.jpg,0.15976227090392242,False,-20.85917155272775,0.8535429513124413,0.2350628398899962,Not_drowsy
374,217_jpg.rf.8f5bd9f418b06dcebd852b70efe1910c.jpg,0.0,False,0.0,0.0,0.0,Not_drowsy
375,217_jpg.rf.bf9156ccc84615f711b2f4b3a41d8146.jpg,0.2699268299882075,False,-0.57308807106984,-5.511921202156465,0.33218718092549415,Not_drowsy
376,219_jpg.rf.edc2ac8766cb9346c447d907b543a60f.jpg,0.27289859377236153,False,-11.573624158231254,-0.26339361962835994,0.514300614363671,Not_drowsy
377,21_jpg.rf.dba72b8e994d5476e51aca2336d276a1.jpg,0.0,False,0.0,0.0,0.0,Drowsy
378,221_jpg.rf.6f7f343cf5c1fefd823bde4f85ea877c.jpg,0.25614802298612177,False,1.5067148770983394,-10.008203017829075,0.40795867162314403,Not_drowsy
379,225_jpg.rf.7e0462b73b5ea3ffb1e2daa85f6ae61d.jpg,0.24577397308611149,False,-16.346910447981188,-1.8126207549058293,0.37283635403937054,Not_drowsy
380,226_jpg.rf.54b6f0c4dfdbe6b87b662a01261fb08b.jpg,0.2481609513276546,False,-5.450976260733334,-6.11346916371528,0.3508695036821892,Not_drowsy
381,226_jpg.rf.f96eb483a02370037d11052c2868881e.jpg,0.2545411731393218,False,-7.561685138633443,-5.494381708070144,0.3444783129783322,Not_drowsy
382,253_jpg.rf.ea69e75d3dd280f6bfbb06e7e22dfec7.jpg,0.0,False,0.0,0.0,0.0,Not_drowsy
383,256_jpg.rf.856a46cab10dd29bb7b937c6555f930d.jpg,0.1996216797852553,False,-6.383466730642255,-20.187081042183053,0.30089578947256124,Not_drowsy
384,259_jpg.rf.83a0611a82be9c4094ef607aa2daba48.jpg,0.2225095708668596,False,4.108360285353633,-9.691927633368024,0.29318250083211744,Not_drowsy
385,277_jpg.rf.a3581ee7746bfd2ac49ac0354f7ab401.jpg,0.0,False,0.0,0.0,0.0,Not_drowsy
386,278_jpg.rf.3899f37404917b6238c3dc710f5b8bb4.jpg,0.19719326090897074,False,2.843443496315608,2.599048268701587,0.2633554421458142,Not_drowsy
387,278_jpg.rf.7891fed2a92a87e193734519cb58c4ee.jpg,0.2133598109690606,False,3.538006805648628,0.004954196952873247,0.26172761420811436,Not_drowsy
388,27_jpg.rf.2234fa759b32d4e37de0c24725b4bde3.jpg,0.0,False,0.0,0.0,0.0,Not_drowsy
389,287_jpg.rf.eb27a1d9300f8dd278f0cc17deeff5e0.jpg,0.3628267488308517,False,10.577662974338459,0.6082060631935633,0.15404937666158655,Drowsy
390,288_jpg.rf.2b551ddbf426ec353d3dbaab1ecbf037.jpg,0.4467784983936546,False,-2.7253201904990902,7.410575873785277,0.19897150156712703,Drowsy
391,28_jpg.rf.b7f469c9c4dcc941025aa0fcff1cdf6e.jpg,0.4013953910549091,False,-5.377068521783656,-13.161870664124457,0.4526400397684861,Not_drowsy
392,293-2-_jpg.rf.1026e4ac8499a55c8884b6293756ad4f.jpg,0.19326934073355717,False,12.266576275175652,-30.017014661928627,0.29153772784286436,Not_drowsy
393,295_jpg.rf.d3f61c16f44b08e03847e13aa7c2a4d8.jpg,0.6076701390418247,True,-6.785101371911303,0.15004362676089755,0.2227273249501872,Drowsy
394,296_jpg.rf.885468a90c2eaf93e3b938e92763d4ff.jpg,0.3152994495884545,False,10.42071591888832,-1.262785520581616,0.23774832790144013,Drowsy
395,296_jpg.rf.8f067f4153e6984334dff861cb47063e.jpg,0.32693625269368753,False,4.741153252189527,-1.6808205219762513,0.17296286498833213,Drowsy
396,299_jpg.rf.0018452f780334574cc6a672e4869784.jpg,0.20570521954407398,False,13.126874252606576,-13.007820614979785,0.4400519090401786,Not_drowsy
397,29_jpg.rf.9950a9c805be7eda8423f2e55dbd06fe.jpg,0.3262591754728702,False,3.341145309954264,-8.277277837903355,0.3454835229025443,Not_drowsy
398,314_jpg.rf.95020381478db027ccbfa1ad97e78671.jpg,0.1971155314663803,False,3.0790587070370066,-10.621089163460674,0.2908725893380771,Not_drowsy
399,318_jpg.rf.3b9efd17410b8a00fa2fb63e7eb3ec80.jpg,0.0,False,0.0,0.0,0.0,Not_drowsy
400,328_jpg.rf.614b5ebee56171a3058f68e25f415eca.jpg,0.5044631766879971,True,-10.11040620569809,-2.8764860671376127,0.5262052974286777,Drowsy
401,364_jpg.rf.66572dbebe58a6ce1737a481e0fa2a52.jpg,0.41544807818328827,False,-0.0007083014147468703,-8.385272947520981,0.4001048214385664,Drowsy
402,365_jpg.rf.157a6a4e4b289267ee6d1c7b30ee8a8c.jpg,0.42288938236876394,False,-0.014422459410084798,-4.392341774236527,0.3431243170422801,Drowsy
403,371_jpg.rf.56df3a819d1dc74024da0d34207f83e3.jpg,0.1996140742248566,False,0.8930116074206111,-10.236556932797555,0.32656407720751635,Not_drowsy
404,371_jpg.rf.dc4ea05e5101a563ba8a61ffc64b862e.jpg,0.1874342198521613,False,9.564973881811177,-12.704651023033684,0.4440110354884844,Not_drowsy
405,412_jpg.rf.207ea938be264f56c4f6a2991837471e.jpg,0.19839665086835337,False,2.3436032086182053,-15.737283433563583,0.29971478269678886,Not_drowsy
406,412_jpg.rf.4315006b127d314f2331014474134dbf.jpg,0.18822233528277807,False,-3.488175070893938,-12.21764038989997,0.3179712858739834,Not_drowsy
407,416_jpg.rf.782a5feafee6ada7202c4508ee62bf1d.jpg,0.1972862290697869,False,-2.603297788783898,-14.18368920510845,0.3287467768064014,Not_drowsy
408,416_jpg.rf.a9d29d571d6905cbb8d84f9504ae8c07.jpg,0.20242760253004768,False,7.250695078252988,-14.240279451782733,0.33892908314552395,Not_drowsy
409,420_jpg.rf.8a8a325ecba6394dbb9d27decfa332ba.jpg,0.2031867049661525,False,-3.600054031594482,-14.18057216163698,0.3158846910652242,Not_drowsy
410,433_jpg.rf.207314e8c732f506dab104da7d35803e.jpg,0.0,False,0.0,0.0,0.0,Drowsy
411,435-2-_jpg.rf.602ee0469d6302d456073ebe66339595.jpg,0.19436441122812978,False,-5.256880335504597,-14.399763128092694,0.3086651023436836,Not_drowsy
412,443_jpg.rf.03fe857a9ac1ea705be9146b9a80b9cc.jpg,0.1964264672329385,False,-2.4598804068486118,-11.194599628160354,0.19003225907535115,Not_drowsy
413,467_jpg.rf.a8dd29a3b5100efb0438e1aa2e3c6de8.jpg,0.0,False,0.0,0.0,0.0,Not_drowsy
414,487_jpg.rf.5b2b9958749600703f4cc69cc1787168.jpg,0.22390777896334826,False,-1.4717565992690353,-20.395667614745484,0.3124019393095845,Not_drowsy
415,488_jpg.rf.c6f9f63c7636ae21d8ae406c552bb395.jpg,0.22792724764514088,False,-16.25448124583,-10.906407977533895,0.30222322390835055,Not_drowsy
416,505_jpg.rf.9e06bdcd8b1ea02b789fc06609559619.jpg,0.2329316412399563,False,1.4774201910464342,-7.738052911481148,0.2834661131532782,Not_drowsy
417,521-2-_jpg.rf.294e1883b95213faf0b6a413ae742a83.jpg,0.22345545817532,False,-1.2505031207048347,6.381311603432707,0.2715737159587993,Not_drowsy
418,521_jpg.rf.115a0fe051b96aba9d115cf0dde9052b.jpg,0.0,False,0.0,0.0,0.0,Drowsy
419,522-2-_jpg.rf.020560c9849785e5f94200023cd62c57.jpg,0.2370117639776636,False,-0.8609404893707548,1.4797243951160368,0.3000149822650159,Not_drowsy
420,522-2-_jpg.rf.11e30be0390a2ff46c4e5f012fb37282.jpg,0.24819031135052802,False,-9.55510168155994,2.5136056673133282,0.26582780864694455,Not_drowsy
421,523_jpg.rf.d376dc44e7f646e78abd2f8f7782b19d.jpg,0.0,False,0.0,0.0,0.0,Drowsy
422,528_jpg.rf.cd6d55f7e24328b0775e242c1616f70e.jpg,0.23038980176272728,False,0.5066388439322083,-7.962319693346167,0.335831254446897,Not_drowsy
423,542_jpg.rf.8b7e0206c343320205db27e8daf5321d.jpg,0.22203817847883986,False,5.3476329960434015,-10.141634268245127,0.3634848407714708,Not_drowsy
424,56_jpg.rf.99b70018c5e585577ca0328e8b539b11.jpg,0.2031245310362256,False,2.7111099024423595,-6.253490891018714,0.29261751660233,Not_drowsy
425,571-2-_jpg.rf.3b3f6873f1cbebd299adba10ab2befc0.jpg,0.0,False,0.0,0.0,0.0,Not_drowsy
426,571_jpg.rf.1d3266f3254f64958dc31143b5ffbdb0.jpg,0.5017635802104085,True,-3.7824978031447287,-3.7046018224515294,0.13641734701255342,Drowsy
427,580_jpg.rf.8a4e5358a853dc2bec85d1ecd7198912.jpg,0.29907270102259914,False,-12.002176166132905,-4.429367221930974,0.1859897604576572,Not_drowsy
428,580_jpg.rf.c05771e6558b35b8c2940a758c9f82b0.jpg,0.0,False,0.0,0.0,0.0,Not_drowsy
429,5_jpg.rf.98030dfa8c8f91b8963c0c7f11c215da.jpg,0.22654298184818802,False,18.467538983953844,-4.801330782471339,0.4998961233415046,Not_drowsy
430,5_jpg.rf.f8663e30b0999a7d86422114fffc09a8.jpg,0.20432554868840438,False,16.5101053157699,-0.661505696754098,0.5873128300899972,Not_drowsy
431,612_jpg.rf.cfe502cd25171fdd9c9c3a1facb07300.jpg,0.0,False,0.0,0.0,0.0,Not_drowsy
432,615_jpg.rf.8f3ffd6a25c8933a00b9da11aae528f9.jpg,0.30074914633067185,False,-3.6284874536506564,-15.968288174791944,0.25239165139164405,Not_drowsy
433,615_jpg.rf.bb15dd5188be957d91099d076c7cbd3f.jpg,0.29081094945671654,False,4.795155458378652,-16.049606256028852,0.2710773895363062,Not_drowsy
434,618_jpg.rf.723ce4021be4ce61016e75e9098752bf.jpg,0.2634125276561228,False,-6.827046013018858,-17.10210087832487,0.2924722920962518,Not_drowsy
435,618_jpg.rf.b0aec252dfddc9b9f5f564b5b473256d.jpg,0.2454188930973467,False,-5.685606613117223,-17.151698928463794,0.2963235058273612,Not_drowsy
436,619_jpg.rf.8d9a72220a36fa1069e7dfed6052dcd9.jpg,0.2614731259482144,False,-10.928984503162582,-15.452388090844053,0.26725896460852805,Not_drowsy
437,640_jpg.rf.588f053e57af1780726c13f6baae4410.jpg,0.0,False,0.0,0.0,0.0,Not_drowsy
438,657_jpg.rf.962a4b453aece143b991e922fa42daab.jpg,0.1891475888286787,False,2.475603543307777,1.8594553574794688,0.2977124447442204,Not_drowsy
439,659_jpg.rf.d479f4e9aed9bc241ca5b2e4681674ca.jpg,0.0,False,0.0,0.0,0.0,Not_drowsy
440,660_jpg.rf.9487233a6b448f8869a19a8537f5818e.jpg,0.18307229880612708,False,23.957512908843945,6.277124792635945,0.46433151602514927,Not_drowsy
441,72_jpg.rf.9590232ba646be180b91c7a8ea379f2c.jpg,0.0,False,0.0,0.0,0.0,Not_drowsy
442,733_jpg.rf.e5701a0dd601c6ffb381fe6be47a9a12.jpg,0.22179090182028458,False,4.353450365956867,-21.394803382773652,0.28304590919468264,Not_drowsy
443,756_jpg.rf.10085f83d76f77ac6957013166d49583.jpg,0.20519523069056197,False,0.6100816757274927,-14.218970465344988,0.31319223080384306,Not_drowsy
444,75_jpg.rf.5043d021c49b4ebb4398719dda04f286.jpg,0.0,False,0.0,0.0,0.0,Drowsy
445,76_jpg.rf.5689df0bbdd29de7f0c5e0af80185801.jpg,0.4863626548717045,False,1.5440819081166737,6.342651628102466,0.24698308660936893,Drowsy
446,773_jpg.rf.f4784a55fd2c728bfa4ecc6f961b376b.jpg,0.417518509521769,False,-9.78191298024666,-11.449647531485596,0.34395350974068606,Not_drowsy
447,775_jpg.rf.01578424d393a8d55f6f88c593c7956f.jpg,0.26776477942780563,False,1.8353863926212668,-0.9472038253512096,0.42128993215562466,Not_drowsy
448,775_jpg.rf.3ccdef80c4350285b5f02cec62809e2a.jpg,0.16526232100458127,False,1.6043014633779578,-5.811381924083584,0.32499800482993557,Not_drowsy
449,77_jpg.rf.7cf6c95ef516e964973dac7af8ec59bd.jpg,0.0,False,0.0,0.0,0.0,Not_drowsy
450,782_jpg.rf.2dd913df9f0da710b46a073067be5a55.jpg,0.20802396325477443,False,11.665691834647689,-18.136875418411776,0.3671231468008884,Not_drowsy
451,786_jpg.rf.474bcd01372d66c11073959cc5841cc5.jpg,0.22148888788998009,False,-1.8622990719922612,-10.266519963753062,0.33073108294147524,Not_drowsy
452,78_jpg.rf.598ae36f98dd62a4ed33e6d2c3fbcbfc.jpg,0.1615266189126564,False,-8.21247822827678,-1.4228494052718332,0.2511054076131189,Not_drowsy
453,79_jpg.rf.f9b3a58b5b803dca5ebc9425618f1486.jpg,0.0,False,0.0,0.0,0.0,Not_drowsy
454,830_jpg.rf.a3c673b7c8e021ee93c0781315ac53fd.jpg,0.16506184299014312,False,-9.403358628296147,-1.6934123071402922,0.261632604623904,Not_drowsy
455,833_jpg.rf.1bd99bab3cbd0645f7abc9f4be708c31.jpg,0.16333899256939863,False,-1.7036106921245775,0.10233471086543489,0.3085360814637478,Not_drowsy
456,866_jpg.rf.db33c70d17239ccac834a0e066d6c0d4.jpg,0.0,False,0.0,0.0,0.0,Not_drowsy
457,868_jpg.rf.38fbba7fff966461604f3df7e0da105f.jpg,0.15891519226171336,False,17.631711192836313,13.105388160169461,0.35394142263036993,Not_drowsy
458,868_jpg.rf.5039136e34d06abdb796cb6d86576e2c.jpg,0.24101116794758692,False,11.200924979160305,22.637649676680887,0.5227216200541019,Not_drowsy
459,884_jpg.rf.b239bb67b18b971806b15fff1158c7cc.jpg,0.15157993259206606,False,7.775786434154099,22.552087276331534,0.21681684015966568,Not_drowsy
460,898_jpg.rf.cc3f5e502db61bce1efdeb1898535258.jpg,0.5856254242426573,True,5.487793801548477,5.022272193922433,0.18890844554678704,Not_drowsy
461,918_jpg.rf.1c8745e0c0e7d8d77c02cfa7511f264c.jpg,0.0,False,0.0,0.0,0.0,Not_drowsy
462,918_jpg.rf.8bffb8625d23a1c8b170fd1b49261a77.jpg,0.15620129338783445,False,-2.1860873264075877,-22.454782256644037,0.3205076736018114,Not_drowsy
463,932_jpg.rf.b9087ab0fc7f4e209667f7f97936321a.jpg,0.16835422487557905,False,6.415589003258354,-18.059301783216753,0.37411644916475795,Not_drowsy
464,933_jpg.rf.5ad3054fa9957d054107ade6d9cf8993.jpg,0.1702268297300997,False,5.601498285198161,-16.456557787030704,0.3141255187289028,Not_drowsy
465,933_jpg.rf.f01f486543ebcd5a9b73dd8c1645e33a.jpg,0.18360047620810815,False,0.710062022370856,-18.404130546120115,0.293288400055709,Not_drowsy
466,93_jpg.rf.e63c34d7debeff44e75d8ba18e8e37a9.jpg,0.253863183690917,False,-12.297663168794813,0.7769797233455691,0.23522441843592656,Drowsy
467,976_jpg.rf.f767e0c96212d97e5e9e68e96746203b.jpg,0.2874840581286556,False,4.895669807682943,6.822457126226574,0.27597862338859325,Not_drowsy
468,982_jpg.rf.102a873ec01b45a354c103560d2f188a.jpg,0.13384440013249138,False,-3.309406390000099,3.7726978092306993,0.23655761781387122,Not_drowsy
469,988_jpg.rf.524fb41ebd036064aa66838f71781071.jpg,0.13899651264128846,False,-0.49676693787885284,4.833586832601931,0.33587099939929826,Not_drowsy
470,988_jpg.rf.63bbece30fe4429ecc613e76d1c81bdb.jpg,0.14377830573109193,False,7.864283076087361,6.475150576777544,0.3071045528320161,Not_drowsy
471,98_jpg.rf.2c191d8a65e7af25a46a09056d54b7f7.jpg,0.27399369744398816,False,-0.682620126074795,2.299708135280241,0.3432729623417402,Not_drowsy
472,98_jpg.rf.58254ed6f4ce58bcfdade9bb9034ab05.jpg,0.25673025767108654,False,-9.37310136908453,-2.2779314971712594,0.3116956169096946,Not_drowsy
473,992_jpg.rf.7d6030996777a35a6f8d7bf74f5a6c95.jpg,0.0,False,0.0,0.0,0.0,Not_drowsy
474,998_jpg.rf.abb6814e9a751a827c8deb5a3b411f12.jpg,0.13655389452745725,False,0.36379742347297395,-4.049492704599807,0.38497833379337315,Not_drowsy
